{"version": 0.6, "generator": "Overpass API 0.7.60 f4c14d41", "osm3s": {"timestamp_osm_base": "2023-05-14T19:38:23Z", "copyright": "The data included in this document is from www.openstreetmap.org. The data is made available under ODbL."}, "elements": [{"type": "node", "id": 21520359, "lat": 49.4092194, "lon": 6.3079383}, {"type": "node", "id": 25625232, "lat": 49.4308684, "lon": 6.289273}, {"type": "node", "id": 25625251, "lat": 49.4290831, "lon": 6.2894332}, {"type": "node", "id": 25625318, "lat": 49.4348844, "lon": 6.2880435}, {"type": "node", "id": 25625320, "lat": 49.4353645, "lon": 6.2895755, "tags": {"highway": "crossing"}}, {"type": "node", "id": 25625322, "lat": 49.4357797, "lon": 6.2910382}, {"type": "node", "id": 25625323, "lat": 49.4361163, "lon": 6.2920448}, {"type": "node", "id": 25625324, "lat": 49.4362697, "lon": 6.2923605}, {"type": "node", "id": 25625326, "lat": 49.4365348, "lon": 6.292897}, {"type": "node", "id": 25625328, "lat": 49.4368976, "lon": 6.2934549}, {"type": "node", "id": 25625362, "lat": 49.4378715, "lon": 6.2972081}, {"type": "node", "id": 25625364, "lat": 49.4379022, "lon": 6.2978323}, {"type": "node", "id": 25625366, "lat": 49.4379092, "lon": 6.2983687}, {"type": "node", "id": 25625370, "lat": 49.4377916, "lon": 6.2965337}, {"type": "node", "id": 25625371, "lat": 49.4376465, "lon": 6.2957386}, {"type": "node", "id": 25625372, "lat": 49.4374906, "lon": 6.2949998}, {"type": "node", "id": 25625374, "lat": 49.437363, "lon": 6.2945463}, {"type": "node", "id": 25625376, "lat": 49.4371627, "lon": 6.2940021}, {"type": "node", "id": 25625377, "lat": 49.4405951, "lon": 6.2928433}, {"type": "node", "id": 25625379, "lat": 49.4403719, "lon": 6.2931545}, {"type": "node", "id": 25625380, "lat": 49.4401208, "lon": 6.2935944}, {"type": "node", "id": 25625382, "lat": 49.4399184, "lon": 6.2940772}, {"type": "node", "id": 25625384, "lat": 49.4397301, "lon": 6.2946136}, {"type": "node", "id": 25625385, "lat": 49.4395068, "lon": 6.2952251}, {"type": "node", "id": 25625386, "lat": 49.4393603, "lon": 6.2956865}, {"type": "node", "id": 25625387, "lat": 49.4392068, "lon": 6.2960942}, {"type": "node", "id": 25625388, "lat": 49.4390185, "lon": 6.2964268}, {"type": "node", "id": 25625389, "lat": 49.4388371, "lon": 6.2967165}, {"type": "node", "id": 25625390, "lat": 49.4386836, "lon": 6.2968667}, {"type": "node", "id": 25625391, "lat": 49.4384115, "lon": 6.2969739}, {"type": "node", "id": 25625403, "lat": 49.4407597, "lon": 6.2925942}, {"type": "node", "id": 25625436, "lat": 49.437958, "lon": 6.3000638}, {"type": "node", "id": 25625437, "lat": 49.437972, "lon": 6.3014693}, {"type": "node", "id": 25625438, "lat": 49.4378813, "lon": 6.302789}, {"type": "node", "id": 25625439, "lat": 49.4378255, "lon": 6.30354}, {"type": "node", "id": 25625440, "lat": 49.4376929, "lon": 6.3041515}, {"type": "node", "id": 25625441, "lat": 49.4375046, "lon": 6.3047309}, {"type": "node", "id": 25625442, "lat": 49.4372325, "lon": 6.3053424}, {"type": "node", "id": 25625443, "lat": 49.4365418, "lon": 6.3062758}, {"type": "node", "id": 25625444, "lat": 49.4369046, "lon": 6.3058467}, {"type": "node", "id": 25625445, "lat": 49.4369883, "lon": 6.305954}, {"type": "node", "id": 25625446, "lat": 49.4366883, "lon": 6.3063724}, {"type": "node", "id": 25625448, "lat": 49.437365, "lon": 6.3077457}, {"type": "node", "id": 25625449, "lat": 49.4370371, "lon": 6.3071771}, {"type": "node", "id": 25625451, "lat": 49.4371487, "lon": 6.3062329}, {"type": "node", "id": 25625452, "lat": 49.4373092, "lon": 6.3067479}, {"type": "node", "id": 25625453, "lat": 49.4376092, "lon": 6.3074346}, {"type": "node", "id": 25625454, "lat": 49.4359906, "lon": 6.3067372}, {"type": "node", "id": 25625455, "lat": 49.4353906, "lon": 6.3071556}, {"type": "node", "id": 25625456, "lat": 49.4347487, "lon": 6.3076921}, {"type": "node", "id": 25625461, "lat": 49.4377906, "lon": 6.3076813}, {"type": "node", "id": 25625463, "lat": 49.4379371, "lon": 6.3078637}, {"type": "node", "id": 25625465, "lat": 49.4377697, "lon": 6.3084216}, {"type": "node", "id": 25625466, "lat": 49.4385441, "lon": 6.3080354}, {"type": "node", "id": 25625467, "lat": 49.4386836, "lon": 6.3080783}, {"type": "node", "id": 25625468, "lat": 49.4383348, "lon": 6.3080997}, {"type": "node", "id": 25625470, "lat": 49.4338905, "lon": 6.3085825}, {"type": "node", "id": 25625471, "lat": 49.4336812, "lon": 6.3089044}, {"type": "node", "id": 25625472, "lat": 49.4334439, "lon": 6.3090868}, {"type": "node", "id": 25625473, "lat": 49.4328857, "lon": 6.3093979}, {"type": "node", "id": 25625476, "lat": 49.4321862, "lon": 6.3097953}, {"type": "node", "id": 25625478, "lat": 49.4319857, "lon": 6.3099129}, {"type": "node", "id": 25625480, "lat": 49.4314507, "lon": 6.3103387}, {"type": "node", "id": 25625485, "lat": 49.4324078, "lon": 6.3103369}, {"type": "node", "id": 25625487, "lat": 49.4330389, "lon": 6.3114278}, {"type": "node", "id": 25625488, "lat": 49.4333648, "lon": 6.3120088}, {"type": "node", "id": 25625490, "lat": 49.4336451, "lon": 6.3125099}, {"type": "node", "id": 25625491, "lat": 49.4337604, "lon": 6.3125261}, {"type": "node", "id": 25625494, "lat": 49.4339946, "lon": 6.3122993}, {"type": "node", "id": 25625495, "lat": 49.4341945, "lon": 6.312355}, {"type": "node", "id": 25625497, "lat": 49.4344464, "lon": 6.3129239}, {"type": "node", "id": 25625498, "lat": 49.4347881, "lon": 6.3135025}, {"type": "node", "id": 25625499, "lat": 49.4352478, "lon": 6.3141586}, {"type": "node", "id": 25625501, "lat": 49.4328453, "lon": 6.3157492}, {"type": "node", "id": 25625503, "lat": 49.4325419, "lon": 6.3152527}, {"type": "node", "id": 25625504, "lat": 49.4322737, "lon": 6.314822}, {"type": "node", "id": 25625505, "lat": 49.4314972, "lon": 6.3135178}, {"type": "node", "id": 25625506, "lat": 49.4310856, "lon": 6.3128419}, {"type": "node", "id": 25625507, "lat": 49.4308344, "lon": 6.3124557}, {"type": "node", "id": 25625508, "lat": 49.4306669, "lon": 6.3122196}, {"type": "node", "id": 25625509, "lat": 49.4304506, "lon": 6.312005}, {"type": "node", "id": 25625510, "lat": 49.4311456, "lon": 6.3104971}, {"type": "node", "id": 25625511, "lat": 49.4307716, "lon": 6.3106425}, {"type": "node", "id": 25625512, "lat": 49.4303808, "lon": 6.310782}, {"type": "node", "id": 25625513, "lat": 49.4301017, "lon": 6.3108678}, {"type": "node", "id": 25625514, "lat": 49.4299482, "lon": 6.3109536}, {"type": "node", "id": 25625515, "lat": 49.4298637, "lon": 6.3111512}, {"type": "node", "id": 25625516, "lat": 49.4298683, "lon": 6.311298}, {"type": "node", "id": 25625517, "lat": 49.4299203, "lon": 6.3114471}, {"type": "node", "id": 25625518, "lat": 49.4300389, "lon": 6.311651}, {"type": "node", "id": 25625519, "lat": 49.4302913, "lon": 6.3118972}, {"type": "node", "id": 25625520, "lat": 49.4301575, "lon": 6.3117857}, {"type": "node", "id": 25625521, "lat": 49.4301943, "lon": 6.3120125}, {"type": "node", "id": 25625522, "lat": 49.4302133, "lon": 6.3123055}, {"type": "node", "id": 25625523, "lat": 49.430204, "lon": 6.3126884}, {"type": "node", "id": 25625524, "lat": 49.4301436, "lon": 6.3131316}, {"type": "node", "id": 25625525, "lat": 49.4299932, "lon": 6.3137968}, {"type": "node", "id": 25625526, "lat": 49.4300668, "lon": 6.3134964}, {"type": "node", "id": 25625534, "lat": 49.42983, "lon": 6.3137645}, {"type": "node", "id": 25625565, "lat": 49.4333183, "lon": 6.3164146}, {"type": "node", "id": 25625568, "lat": 49.43373, "lon": 6.3168759}, {"type": "node", "id": 25625569, "lat": 49.4341347, "lon": 6.3172622}, {"type": "node", "id": 25625571, "lat": 49.4345246, "lon": 6.3175049}, {"type": "node", "id": 25625573, "lat": 49.4348673, "lon": 6.3176377}, {"type": "node", "id": 25625574, "lat": 49.4354394, "lon": 6.3176699}, {"type": "node", "id": 25625662, "lat": 49.4357059, "lon": 6.3147953}, {"type": "node", "id": 25625664, "lat": 49.4361301, "lon": 6.3153954}, {"type": "node", "id": 25625665, "lat": 49.4363115, "lon": 6.3156636}, {"type": "node", "id": 25625666, "lat": 49.4364441, "lon": 6.3158352}, {"type": "node", "id": 25625667, "lat": 49.4366394, "lon": 6.315964}, {"type": "node", "id": 25625669, "lat": 49.4370511, "lon": 6.3160713}, {"type": "node", "id": 25625671, "lat": 49.4375046, "lon": 6.3161142}, {"type": "node", "id": 25625674, "lat": 49.4380627, "lon": 6.3161893}, {"type": "node", "id": 25625676, "lat": 49.4383557, "lon": 6.3162429}, {"type": "node", "id": 25625679, "lat": 49.4386627, "lon": 6.3163288}, {"type": "node", "id": 25625682, "lat": 49.4389348, "lon": 6.3164361}, {"type": "node", "id": 25625683, "lat": 49.4389208, "lon": 6.3181634}, {"type": "node", "id": 25625685, "lat": 49.4385999, "lon": 6.3179595}, {"type": "node", "id": 25625687, "lat": 49.4382092, "lon": 6.3178093}, {"type": "node", "id": 25625689, "lat": 49.4378325, "lon": 6.3177128}, {"type": "node", "id": 25625691, "lat": 49.437379, "lon": 6.3176806}, {"type": "node", "id": 25625693, "lat": 49.4368418, "lon": 6.3176591}, {"type": "node", "id": 25625695, "lat": 49.4361371, "lon": 6.3176913}, {"type": "node", "id": 25625962, "lat": 49.4283331, "lon": 6.2894276}, {"type": "node", "id": 25625963, "lat": 49.4279266, "lon": 6.2894384}, {"type": "node", "id": 25625964, "lat": 49.4276947, "lon": 6.2894648}, {"type": "node", "id": 25625965, "lat": 49.427461, "lon": 6.2895532}, {"type": "node", "id": 25625966, "lat": 49.4272473, "lon": 6.2896608}, {"type": "node", "id": 25625967, "lat": 49.4270365, "lon": 6.2898293}, {"type": "node", "id": 25625968, "lat": 49.4268518, "lon": 6.2900292}, {"type": "node", "id": 25625969, "lat": 49.4265987, "lon": 6.290365}, {"type": "node", "id": 25625970, "lat": 49.4255616, "lon": 6.2918329}, {"type": "node", "id": 25626094, "lat": 49.4252725, "lon": 6.2922625}, {"type": "node", "id": 25626095, "lat": 49.4251157, "lon": 6.2923788}, {"type": "node", "id": 25626096, "lat": 49.4249186, "lon": 6.292443}, {"type": "node", "id": 25626097, "lat": 49.4247215, "lon": 6.2924356}, {"type": "node", "id": 25626098, "lat": 49.4245508, "lon": 6.2923762}, {"type": "node", "id": 25626116, "lat": 49.4242074, "lon": 6.2920894}, {"type": "node", "id": 25626123, "lat": 49.4238899, "lon": 6.2918152}, {"type": "node", "id": 25626130, "lat": 49.4236932, "lon": 6.2916407}, {"type": "node", "id": 25626137, "lat": 49.423517, "lon": 6.2915303}, {"type": "node", "id": 25626144, "lat": 49.4233471, "lon": 6.2914767}, {"type": "node", "id": 25626151, "lat": 49.4231246, "lon": 6.2915027}, {"type": "node", "id": 25626157, "lat": 49.4229347, "lon": 6.2915969}, {"type": "node", "id": 25626163, "lat": 49.4227803, "lon": 6.2917421}, {"type": "node", "id": 25626173, "lat": 49.42267, "lon": 6.2919043}, {"type": "node", "id": 25626183, "lat": 49.422547, "lon": 6.2921835}, {"type": "node", "id": 25626194, "lat": 49.4224799, "lon": 6.2925411}, {"type": "node", "id": 25626214, "lat": 49.4221777, "lon": 6.2949611}, {"type": "node", "id": 25626229, "lat": 49.4221064, "lon": 6.2956311}, {"type": "node", "id": 25626254, "lat": 49.423861, "lon": 6.2979513}, {"type": "node", "id": 25626255, "lat": 49.4235129, "lon": 6.2977109, "tags": {"highway": "crossing"}}, {"type": "node", "id": 25626256, "lat": 49.4232082, "lon": 6.2974479}, {"type": "node", "id": 25626257, "lat": 49.422928, "lon": 6.2971456}, {"type": "node", "id": 25626258, "lat": 49.4226559, "lon": 6.2968667}, {"type": "node", "id": 25626260, "lat": 49.422198, "lon": 6.2964097}, {"type": "node", "id": 25626261, "lat": 49.421636, "lon": 6.2960406}, {"type": "node", "id": 25626262, "lat": 49.4215233, "lon": 6.2959966, "tags": {"highway": "crossing"}}, {"type": "node", "id": 25626263, "lat": 49.421184, "lon": 6.2959077}, {"type": "node", "id": 25626264, "lat": 49.420823, "lon": 6.2958464}, {"type": "node", "id": 25696206, "lat": 49.4459618, "lon": 6.3185656}, {"type": "node", "id": 25696207, "lat": 49.4458092, "lon": 6.3185804}, {"type": "node", "id": 25696208, "lat": 49.4455938, "lon": 6.3186608}, {"type": "node", "id": 25696209, "lat": 49.4453087, "lon": 6.3188057}, {"type": "node", "id": 25696210, "lat": 49.4447532, "lon": 6.319149}, {"type": "node", "id": 25696211, "lat": 49.4444053, "lon": 6.3193488}, {"type": "node", "id": 25696212, "lat": 49.4439789, "lon": 6.3194709}, {"type": "node", "id": 25696224, "lat": 49.4437836, "lon": 6.3194413}, {"type": "node", "id": 25696225, "lat": 49.4432308, "lon": 6.3192858}, {"type": "node", "id": 25696226, "lat": 49.4428392, "lon": 6.3191719}, {"type": "node", "id": 25696227, "lat": 49.4424468, "lon": 6.3190136}, {"type": "node", "id": 25696228, "lat": 49.4420927, "lon": 6.3188156}, {"type": "node", "id": 25696229, "lat": 49.4418834, "lon": 6.3186784}, {"type": "node", "id": 25696230, "lat": 49.4415625, "lon": 6.3184853}, {"type": "node", "id": 25696231, "lat": 49.4412835, "lon": 6.318378}, {"type": "node", "id": 25696232, "lat": 49.4410184, "lon": 6.3183243}, {"type": "node", "id": 25696233, "lat": 49.4407673, "lon": 6.3183136}, {"type": "node", "id": 25696234, "lat": 49.4405091, "lon": 6.3183136}, {"type": "node", "id": 25696235, "lat": 49.4402859, "lon": 6.3183672}, {"type": "node", "id": 25696236, "lat": 49.4400626, "lon": 6.3183887}, {"type": "node", "id": 25696237, "lat": 49.4398464, "lon": 6.3184638}, {"type": "node", "id": 25696238, "lat": 49.4396092, "lon": 6.3184853}, {"type": "node", "id": 25696239, "lat": 49.439379, "lon": 6.3184638}, {"type": "node", "id": 25696240, "lat": 49.4392394, "lon": 6.3184102}, {"type": "node", "id": 25696245, "lat": 49.4296434, "lon": 6.3111062}, {"type": "node", "id": 25696247, "lat": 49.429564, "lon": 6.311044}, {"type": "node", "id": 25696248, "lat": 49.4293987, "lon": 6.3108021}, {"type": "node", "id": 25696249, "lat": 49.4292781, "lon": 6.3106371}, {"type": "node", "id": 25696250, "lat": 49.4291434, "lon": 6.3103635}, {"type": "node", "id": 25696251, "lat": 49.4290528, "lon": 6.3101155}, {"type": "node", "id": 25696252, "lat": 49.428953, "lon": 6.3098259}, {"type": "node", "id": 25696253, "lat": 49.4288195, "lon": 6.309608}, {"type": "node", "id": 25696254, "lat": 49.4286504, "lon": 6.3095583}, {"type": "node", "id": 25696289, "lat": 49.4317084, "lon": 6.3088314}, {"type": "node", "id": 25696290, "lat": 49.4314192, "lon": 6.3088596}, {"type": "node", "id": 25696291, "lat": 49.4312146, "lon": 6.3089547}, {"type": "node", "id": 25696293, "lat": 49.4312476, "lon": 6.3094229}, {"type": "node", "id": 25696295, "lat": 49.4313292, "lon": 6.3098607}, {"type": "node", "id": 88903312, "lat": 49.4217974, "lon": 6.2961224}, {"type": "node", "id": 88906622, "lat": 49.4249978, "lon": 6.2988133}, {"type": "node", "id": 88906835, "lat": 49.4252362, "lon": 6.2982896}, {"type": "node", "id": 88907864, "lat": 49.4255799, "lon": 6.2970029}, {"type": "node", "id": 271220014, "lat": 49.4235887, "lon": 6.298587}, {"type": "node", "id": 271220015, "lat": 49.4232714, "lon": 6.3001265}, {"type": "node", "id": 318331765, "lat": 49.418387, "lon": 6.2954678}, {"type": "node", "id": 318331766, "lat": 49.4173018, "lon": 6.2954269}, {"type": "node", "id": 318331767, "lat": 49.4165584, "lon": 6.2954477}, {"type": "node", "id": 318331768, "lat": 49.4162583, "lon": 6.2954933}, {"type": "node", "id": 318331769, "lat": 49.4158471, "lon": 6.2956558}, {"type": "node", "id": 338879757, "lat": 49.4222318, "lon": 6.3262076}, {"type": "node", "id": 338879760, "lat": 49.423266, "lon": 6.3278051}, {"type": "node", "id": 338879763, "lat": 49.4246857, "lon": 6.3294828}, {"type": "node", "id": 338879776, "lat": 49.4303577, "lon": 6.3339896}, {"type": "node", "id": 338879778, "lat": 49.4313646, "lon": 6.3349539}, {"type": "node", "id": 338879781, "lat": 49.4321983, "lon": 6.3359014}, {"type": "node", "id": 338879807, "lat": 49.4223688, "lon": 6.3278702}, {"type": "node", "id": 338879813, "lat": 49.419787, "lon": 6.328133}, {"type": "node", "id": 338879816, "lat": 49.4191162, "lon": 6.32966}, {"type": "node", "id": 338879862, "lat": 49.4134399, "lon": 6.3242921}, {"type": "node", "id": 387788177, "lat": 49.4195867, "lon": 6.3190073}, {"type": "node", "id": 387788178, "lat": 49.4188358, "lon": 6.3182709}, {"type": "node", "id": 387788179, "lat": 49.4179198, "lon": 6.3181538}, {"type": "node", "id": 387788181, "lat": 49.4101664, "lon": 6.3052455, "tags": {"highway": "crossing"}}, {"type": "node", "id": 387788182, "lat": 49.41058, "lon": 6.3042056}, {"type": "node", "id": 387788183, "lat": 49.4109737, "lon": 6.3039388}, {"type": "node", "id": 387788184, "lat": 49.4115513, "lon": 6.3041683}, {"type": "node", "id": 387788185, "lat": 49.4118276, "lon": 6.3040751}, {"type": "node", "id": 387788186, "lat": 49.4131314, "lon": 6.3033695}, {"type": "node", "id": 387788187, "lat": 49.4157176, "lon": 6.3031139}, {"type": "node", "id": 387788188, "lat": 49.4170941, "lon": 6.3032557}, {"type": "node", "id": 387788189, "lat": 49.4205659, "lon": 6.3025059}, {"type": "node", "id": 387788190, "lat": 49.4212348, "lon": 6.3022529}, {"type": "node", "id": 387788191, "lat": 49.4214969, "lon": 6.3026772}, {"type": "node", "id": 387788192, "lat": 49.4221067, "lon": 6.3020271}, {"type": "node", "id": 387788193, "lat": 49.4226238, "lon": 6.3021972}, {"type": "node", "id": 387788220, "lat": 49.4365731, "lon": 6.3331448}, {"type": "node", "id": 387788221, "lat": 49.4389971, "lon": 6.331341}, {"type": "node", "id": 387788222, "lat": 49.4419399, "lon": 6.3301858}, {"type": "node", "id": 387788223, "lat": 49.4420514, "lon": 6.3300145}, {"type": "node", "id": 387788224, "lat": 49.4432155, "lon": 6.3277388}, {"type": "node", "id": 387788225, "lat": 49.4432718, "lon": 6.327665}, {"type": "node", "id": 387788226, "lat": 49.443665, "lon": 6.3279158}, {"type": "node", "id": 387788227, "lat": 49.4437025, "lon": 6.3286412}, {"type": "node", "id": 387788228, "lat": 49.4437869, "lon": 6.3292838}, {"type": "node", "id": 387788229, "lat": 49.4437422, "lon": 6.3302815}, {"type": "node", "id": 387788230, "lat": 49.4440324, "lon": 6.331107}, {"type": "node", "id": 387788231, "lat": 49.4446024, "lon": 6.3326769}, {"type": "node", "id": 387788232, "lat": 49.4448919, "lon": 6.3338216}, {"type": "node", "id": 387788233, "lat": 49.4450113, "lon": 6.3340198, "tags": {"crossing": "marked", "crossing_ref": "zebra", "highway": "crossing", "source": "Bing"}}, {"type": "node", "id": 387788234, "lat": 49.4450863, "lon": 6.3343819}, {"type": "node", "id": 387788235, "lat": 49.4449274, "lon": 6.3347317}, {"type": "node", "id": 387788236, "lat": 49.4449404, "lon": 6.3348463}, {"type": "node", "id": 387788237, "lat": 49.4451971, "lon": 6.3354421}, {"type": "node", "id": 387788238, "lat": 49.4456034, "lon": 6.3375533}, {"type": "node", "id": 387896788, "lat": 49.4450573, "lon": 6.3344567}, {"type": "node", "id": 387896789, "lat": 49.4216025, "lon": 6.3025704, "tags": {"crossing:activation": "automatic", "crossing:barrier": "half", "crossing:bell": "yes", "crossing:light": "yes", "railway": "level_crossing", "railway:position:exact": "12.501", "ref": "14", "ref:FR:SNCF_Reseau:RESEAU": "10000011914", "source": "Bing; SNCF R\u00e9seau"}}, {"type": "node", "id": 484309250, "lat": 49.4461039, "lon": 6.318583}, {"type": "node", "id": 484334222, "lat": 49.4408076, "lon": 6.29203}, {"type": "node", "id": 484334227, "lat": 49.4408575, "lon": 6.2908203}, {"type": "node", "id": 484334294, "lat": 49.4348209, "lon": 6.2878445}, {"type": "node", "id": 485574538, "lat": 49.4309094, "lon": 6.2893919}, {"type": "node", "id": 485574540, "lat": 49.4310936, "lon": 6.2898042}, {"type": "node", "id": 485574541, "lat": 49.4313413, "lon": 6.290301}, {"type": "node", "id": 485574544, "lat": 49.431742, "lon": 6.2909858}, {"type": "node", "id": 512896074, "lat": 49.4217463, "lon": 6.3067471}, {"type": "node", "id": 512896075, "lat": 49.421197, "lon": 6.3081993}, {"type": "node", "id": 512896076, "lat": 49.421079, "lon": 6.3097894}, {"type": "node", "id": 512896077, "lat": 49.4201987, "lon": 6.3107486}, {"type": "node", "id": 512896081, "lat": 49.4190517, "lon": 6.3125249}, {"type": "node", "id": 512896082, "lat": 49.4179003, "lon": 6.3148311}, {"type": "node", "id": 512896083, "lat": 49.4171541, "lon": 6.3162931}, {"type": "node", "id": 512896084, "lat": 49.4167353, "lon": 6.3171343}, {"type": "node", "id": 768741793, "lat": 49.4331038, "lon": 6.3373192}, {"type": "node", "id": 768749896, "lat": 49.4223693, "lon": 6.3279419}, {"type": "node", "id": 768749908, "lat": 49.4196788, "lon": 6.328235}, {"type": "node", "id": 768749912, "lat": 49.4194097, "lon": 6.328701}, {"type": "node", "id": 768749916, "lat": 49.419261, "lon": 6.329098}, {"type": "node", "id": 768749924, "lat": 49.4189058, "lon": 6.3298289}, {"type": "node", "id": 768749927, "lat": 49.4187808, "lon": 6.3297876}, {"type": "node", "id": 768749931, "lat": 49.4165961, "lon": 6.3267933}, {"type": "node", "id": 768749955, "lat": 49.4168514, "lon": 6.3263778}, {"type": "node", "id": 768749956, "lat": 49.4170223, "lon": 6.3260416}, {"type": "node", "id": 768749957, "lat": 49.4172107, "lon": 6.3257794}, {"type": "node", "id": 768749958, "lat": 49.4174952, "lon": 6.3256319}, {"type": "node", "id": 768749960, "lat": 49.4177473, "lon": 6.3255461}, {"type": "node", "id": 768749961, "lat": 49.4181277, "lon": 6.3254428}, {"type": "node", "id": 768749962, "lat": 49.4183109, "lon": 6.3254347}, {"type": "node", "id": 768749963, "lat": 49.4186843, "lon": 6.325475}, {"type": "node", "id": 768749965, "lat": 49.4206184, "lon": 6.3258786}, {"type": "node", "id": 768749966, "lat": 49.4213556, "lon": 6.3259812}, {"type": "node", "id": 768749970, "lat": 49.4214193, "lon": 6.326057}, {"type": "node", "id": 768749971, "lat": 49.4218703, "lon": 6.3268523}, {"type": "node", "id": 768749972, "lat": 49.4222445, "lon": 6.3275108}, {"type": "node", "id": 768749974, "lat": 49.4223457, "lon": 6.3277877}, {"type": "node", "id": 768750038, "lat": 49.4333249, "lon": 6.3376269}, {"type": "node", "id": 768750039, "lat": 49.4325053, "lon": 6.3363413}, {"type": "node", "id": 768750040, "lat": 49.4318494, "lon": 6.3354937}, {"type": "node", "id": 768750041, "lat": 49.4309525, "lon": 6.3344926}, {"type": "node", "id": 768750042, "lat": 49.4307711, "lon": 6.3343276}, {"type": "node", "id": 768750044, "lat": 49.4254146, "lon": 6.3301139}, {"type": "node", "id": 768750045, "lat": 49.4243364, "lon": 6.3291139}, {"type": "node", "id": 768750046, "lat": 49.423862, "lon": 6.3285997}, {"type": "node", "id": 768750047, "lat": 49.4236212, "lon": 6.3283034}, {"type": "node", "id": 768750048, "lat": 49.4224671, "lon": 6.3265729}, {"type": "node", "id": 768750049, "lat": 49.4220045, "lon": 6.3258054}, {"type": "node", "id": 768750050, "lat": 49.4217277, "lon": 6.3250551}, {"type": "node", "id": 768805355, "lat": 49.4291451, "lon": 6.312755}, {"type": "node", "id": 768808893, "lat": 49.4391719, "lon": 6.3312826}, {"type": "node", "id": 768808904, "lat": 49.4398241, "lon": 6.3319961}, {"type": "node", "id": 768808905, "lat": 49.4406264, "lon": 6.3335839}, {"type": "node", "id": 768808906, "lat": 49.440431, "lon": 6.3331226}, {"type": "node", "id": 768808907, "lat": 49.440131, "lon": 6.3325111}, {"type": "node", "id": 768808908, "lat": 49.4398938, "lon": 6.3320712}, {"type": "node", "id": 768808909, "lat": 49.4397148, "lon": 6.3319203}, {"type": "node", "id": 768808910, "lat": 49.4395666, "lon": 6.3318962}, {"type": "node", "id": 768808911, "lat": 49.4394453, "lon": 6.3318305}, {"type": "node", "id": 768808912, "lat": 49.4393481, "lon": 6.331742}, {"type": "node", "id": 768808913, "lat": 49.439281, "lon": 6.3316347}, {"type": "node", "id": 768808914, "lat": 49.4392456, "lon": 6.3315482}, {"type": "node", "id": 768812455, "lat": 49.4442051, "lon": 6.331524}, {"type": "node", "id": 768812501, "lat": 49.4401108, "lon": 6.3309565}, {"type": "node", "id": 768834082, "lat": 49.4369617, "lon": 6.3278662}, {"type": "node", "id": 768834087, "lat": 49.4373335, "lon": 6.328359}, {"type": "node", "id": 768834090, "lat": 49.4377782, "lon": 6.3289094}, {"type": "node", "id": 768834097, "lat": 49.4383156, "lon": 6.3296998}, {"type": "node", "id": 768834103, "lat": 49.4386958, "lon": 6.3302797}, {"type": "node", "id": 768834106, "lat": 49.4389441, "lon": 6.3307802}, {"type": "node", "id": 768834118, "lat": 49.4382678, "lon": 6.3298189}, {"type": "node", "id": 768834120, "lat": 49.4383045, "lon": 6.3302064}, {"type": "node", "id": 768834122, "lat": 49.4383561, "lon": 6.3304709}, {"type": "node", "id": 768834124, "lat": 49.4383869, "lon": 6.3306442}, {"type": "node", "id": 768834126, "lat": 49.4384009, "lon": 6.3307623}, {"type": "node", "id": 768834128, "lat": 49.438373, "lon": 6.3308803}, {"type": "node", "id": 768834130, "lat": 49.4382823, "lon": 6.3309876}, {"type": "node", "id": 768834133, "lat": 49.4381497, "lon": 6.3309768}, {"type": "node", "id": 768834134, "lat": 49.4380451, "lon": 6.3308588}, {"type": "node", "id": 768834136, "lat": 49.4379962, "lon": 6.3306979}, {"type": "node", "id": 768834138, "lat": 49.4377869, "lon": 6.3304189}, {"type": "node", "id": 768834141, "lat": 49.4376055, "lon": 6.3301507}, {"type": "node", "id": 768834142, "lat": 49.437459, "lon": 6.3300327}, {"type": "node", "id": 768834144, "lat": 49.4373893, "lon": 6.3299147}, {"type": "node", "id": 768834146, "lat": 49.4373683, "lon": 6.3297537}, {"type": "node", "id": 768834149, "lat": 49.4374311, "lon": 6.3296357}, {"type": "node", "id": 768834150, "lat": 49.4375218, "lon": 6.3295821}, {"type": "node", "id": 768834152, "lat": 49.4376195, "lon": 6.3295821}, {"type": "node", "id": 768834154, "lat": 49.4377869, "lon": 6.3296679}, {"type": "node", "id": 768834156, "lat": 49.4379683, "lon": 6.3297645}, {"type": "node", "id": 768834158, "lat": 49.4381567, "lon": 6.3298074}, {"type": "node", "id": 768834381, "lat": 49.4450898, "lon": 6.3351135}, {"type": "node", "id": 848770776, "lat": 49.4239881, "lon": 6.2962268}, {"type": "node", "id": 848770781, "lat": 49.4238938, "lon": 6.2963803}, {"type": "node", "id": 848770786, "lat": 49.4242606, "lon": 6.2965655}, {"type": "node", "id": 848770807, "lat": 49.4242572, "lon": 6.2967872}, {"type": "node", "id": 869498069, "lat": 49.4441024, "lon": 6.3264434}, {"type": "node", "id": 869498095, "lat": 49.4422228, "lon": 6.3248889}, {"type": "node", "id": 869498100, "lat": 49.4414353, "lon": 6.3305899}, {"type": "node", "id": 869498118, "lat": 49.4412792, "lon": 6.3306449}, {"type": "node", "id": 869498121, "lat": 49.4435491, "lon": 6.3262313}, {"type": "node", "id": 869516488, "lat": 49.4127421, "lon": 6.303451}, {"type": "node", "id": 1239044761, "lat": 49.4215131, "lon": 6.3028488}, {"type": "node", "id": 1239044766, "lat": 49.4144877, "lon": 6.3222583}, {"type": "node", "id": 1239044771, "lat": 49.4196282, "lon": 6.3115329}, {"type": "node", "id": 1239044784, "lat": 49.415017, "lon": 6.3205277}, {"type": "node", "id": 1239044832, "lat": 49.4218406, "lon": 6.3064311}, {"type": "node", "id": 1239044838, "lat": 49.4142245, "lon": 6.3226712}, {"type": "node", "id": 1239044851, "lat": 49.4182714, "lon": 6.3140991}, {"type": "node", "id": 1239044866, "lat": 49.4148925, "lon": 6.320969}, {"type": "node", "id": 1239044875, "lat": 49.4204993, "lon": 6.3104365}, {"type": "node", "id": 1239044883, "lat": 49.4212846, "lon": 6.3078761}, {"type": "node", "id": 1239044906, "lat": 49.4220106, "lon": 6.305359}, {"type": "node", "id": 1239044921, "lat": 49.4146798, "lon": 6.3216948}, {"type": "node", "id": 1239044925, "lat": 49.4199318, "lon": 6.3110849}, {"type": "node", "id": 1239044950, "lat": 49.4211663, "lon": 6.3095641}, {"type": "node", "id": 1239044955, "lat": 49.4219774, "lon": 6.305806}, {"type": "node", "id": 1239044986, "lat": 49.421734, "lon": 6.3035277}, {"type": "node", "id": 1239045008, "lat": 49.4209641, "lon": 6.3099771}, {"type": "node", "id": 1239045033, "lat": 49.4219523, "lon": 6.3047692}, {"type": "node", "id": 1239045034, "lat": 49.4136528, "lon": 6.3235921}, {"type": "node", "id": 1239045050, "lat": 49.413755, "lon": 6.3137179}, {"type": "node", "id": 1239045055, "lat": 49.4137819, "lon": 6.3232125}, {"type": "node", "id": 1239045059, "lat": 49.4175606, "lon": 6.3155012}, {"type": "node", "id": 1239045071, "lat": 49.4155909, "lon": 6.3194303}, {"type": "node", "id": 1239045076, "lat": 49.4212103, "lon": 6.3093408}, {"type": "node", "id": 1239045095, "lat": 49.4160672, "lon": 6.318456}, {"type": "node", "id": 1239045098, "lat": 49.4212195, "lon": 6.3090411}, {"type": "node", "id": 1344329787, "lat": 49.4466515, "lon": 6.3420273}, {"type": "node", "id": 1396042959, "lat": 49.4424817, "lon": 6.2836264}, {"type": "node", "id": 1396042960, "lat": 49.4423879, "lon": 6.2829702}, {"type": "node", "id": 1396042962, "lat": 49.440933, "lon": 6.2896774}, {"type": "node", "id": 1396042963, "lat": 49.4416764, "lon": 6.2851833}, {"type": "node", "id": 1396042964, "lat": 49.4424447, "lon": 6.2841585}, {"type": "node", "id": 1396042965, "lat": 49.440947, "lon": 6.2887977}, {"type": "node", "id": 1396042967, "lat": 49.4413795, "lon": 6.2866733}, {"type": "node", "id": 1396042968, "lat": 49.4410807, "lon": 6.2872422}, {"type": "node", "id": 1396042969, "lat": 49.4420473, "lon": 6.2846543}, {"type": "node", "id": 1396042973, "lat": 49.4409663, "lon": 6.2879665}, {"type": "node", "id": 1396056139, "lat": 49.42956, "lon": 6.3106588}, {"type": "node", "id": 1396056142, "lat": 49.4299973, "lon": 6.3097449}, {"type": "node", "id": 1396056144, "lat": 49.4300967, "lon": 6.309531}, {"type": "node", "id": 1396056148, "lat": 49.4293914, "lon": 6.3106564}, {"type": "node", "id": 1396056158, "lat": 49.4302833, "lon": 6.3092943}, {"type": "node", "id": 1396056161, "lat": 49.4298438, "lon": 6.3099402}, {"type": "node", "id": 1396056164, "lat": 49.4296219, "lon": 6.3102363}, {"type": "node", "id": 1396056166, "lat": 49.4295934, "lon": 6.3103122}, {"type": "node", "id": 1396064794, "lat": 49.4280727, "lon": 6.3095532}, {"type": "node", "id": 1396064795, "lat": 49.428459, "lon": 6.3095525}, {"type": "node", "id": 1396436273, "lat": 49.4422624, "lon": 6.2844811}, {"type": "node", "id": 1461523059, "lat": 49.4434305, "lon": 6.3268295}, {"type": "node", "id": 1461524402, "lat": 49.44389, "lon": 6.3275215}, {"type": "node", "id": 1461524523, "lat": 49.4439693, "lon": 6.3269914}, {"type": "node", "id": 1461524604, "lat": 49.4439951, "lon": 6.3310199}, {"type": "node", "id": 1461524613, "lat": 49.4440034, "lon": 6.3270575}, {"type": "node", "id": 1461524626, "lat": 49.4440243, "lon": 6.3271339}, {"type": "node", "id": 1461525253, "lat": 49.4445732, "lon": 6.3274739}, {"type": "node", "id": 1461526015, "lat": 49.4452093, "lon": 6.3274907}, {"type": "node", "id": 1461526512, "lat": 49.445981, "lon": 6.327427}, {"type": "node", "id": 1461575505, "lat": 49.4421504, "lon": 6.3258304}, {"type": "node", "id": 1461575516, "lat": 49.4425524, "lon": 6.3256735}, {"type": "node", "id": 1461575517, "lat": 49.4426867, "lon": 6.3253851}, {"type": "node", "id": 1461575536, "lat": 49.444983, "lon": 6.3345727, "tags": {"crossing:activation": "automatic", "crossing:barrier": "half", "crossing:bell": "yes", "crossing:light": "yes", "railway": "level_crossing", "railway:position:exact": "16.657", "ref": "17", "ref:FR:SNCF_Reseau:RESEAU": "10000011916", "source": "BDOrtho IGN;SNCF R\u00e9seau"}}, {"type": "node", "id": 1461575544, "lat": 49.4461792, "lon": 6.3399213}, {"type": "node", "id": 1461575548, "lat": 49.4460939, "lon": 6.3274699}, {"type": "node", "id": 1461575563, "lat": 49.4464356, "lon": 6.3409985}, {"type": "node", "id": 1464113592, "lat": 49.4409526, "lon": 6.3293179, "tags": {"highway": "turning_circle"}}, {"type": "node", "id": 1464113594, "lat": 49.4415892, "lon": 6.3305182}, {"type": "node", "id": 1550791957, "lat": 49.4315949, "lon": 6.3087954}, {"type": "node", "id": 1550806394, "lat": 49.4319352, "lon": 6.3114326}, {"type": "node", "id": 1550806399, "lat": 49.4322312, "lon": 6.3120233}, {"type": "node", "id": 1550806404, "lat": 49.4325288, "lon": 6.3125874}, {"type": "node", "id": 1550806409, "lat": 49.432837, "lon": 6.3140035}, {"type": "node", "id": 1550806411, "lat": 49.4328138, "lon": 6.3131757}, {"type": "node", "id": 1550806413, "lat": 49.4330452, "lon": 6.3139553}, {"type": "node", "id": 1550806414, "lat": 49.4330531, "lon": 6.3136623}, {"type": "node", "id": 1550806415, "lat": 49.4330641, "lon": 6.3139143}, {"type": "node", "id": 1550806420, "lat": 49.4345258, "lon": 6.3130777}, {"type": "node", "id": 1852226341, "lat": 49.4450052, "lon": 6.33454, "tags": {"crossing:activation": "automatic", "crossing:barrier": "half", "crossing:bell": "yes", "crossing:light": "yes", "railway": "level_crossing", "railway:position:exact": "16.657", "ref": "17", "ref:FR:SNCF_Reseau:RESEAU": "10000011916", "source": "BDOrtho IGN;SNCF R\u00e9seau"}}, {"type": "node", "id": 1852226345, "lat": 49.4153523, "lon": 6.2959444}, {"type": "node", "id": 1852226356, "lat": 49.4216291, "lon": 6.3025412, "tags": {"crossing:activation": "automatic", "crossing:barrier": "half", "crossing:bell": "yes", "crossing:light": "yes", "railway": "level_crossing", "railway:position:exact": "12.501", "ref": "14", "ref:FR:SNCF_Reseau:RESEAU": "10000011914", "source": "Bing; SNCF R\u00e9seau"}}, {"type": "node", "id": 2014285324, "lat": 49.4298868, "lon": 6.3110372}, {"type": "node", "id": 2102378661, "lat": 49.4430605, "lon": 6.3257419}, {"type": "node", "id": 2387873723, "lat": 49.425423, "lon": 6.2920544}, {"type": "node", "id": 2387877038, "lat": 49.4415775, "lon": 6.2862958}, {"type": "node", "id": 2387877054, "lat": 49.4416369, "lon": 6.2860201}, {"type": "node", "id": 2387877057, "lat": 49.4416665, "lon": 6.2856927}, {"type": "node", "id": 2387877059, "lat": 49.4417675, "lon": 6.2849046}, {"type": "node", "id": 2387900393, "lat": 49.4198829, "lon": 6.295731, "tags": {"crossing_ref": "zebra", "highway": "crossing"}}, {"type": "node", "id": 2387900396, "lat": 49.4219206, "lon": 6.2959684, "tags": {"highway": "crossing"}}, {"type": "node", "id": 2387900399, "lat": 49.4220024, "lon": 6.296262}, {"type": "node", "id": 2387900401, "lat": 49.4221643, "lon": 6.2960935, "tags": {"highway": "crossing"}}, {"type": "node", "id": 2437057971, "lat": 49.4094451, "lon": 6.3073682}, {"type": "node", "id": 2437057972, "lat": 49.4097212, "lon": 6.3067113}, {"type": "node", "id": 2437057974, "lat": 49.4104008, "lon": 6.3045035}, {"type": "node", "id": 2437057975, "lat": 49.4107985, "lon": 6.3040246}, {"type": "node", "id": 2437057976, "lat": 49.4111903, "lon": 6.3039744}, {"type": "node", "id": 2437057979, "lat": 49.4116622, "lon": 6.3041751}, {"type": "node", "id": 2437057980, "lat": 49.4118541, "lon": 6.3115406}, {"type": "node", "id": 2437057981, "lat": 49.4125806, "lon": 6.3035394}, {"type": "node", "id": 2437057990, "lat": 49.4134817, "lon": 6.3240936}, {"type": "node", "id": 2444315088, "lat": 49.4183415, "lon": 6.3244505}, {"type": "node", "id": 2444315090, "lat": 49.4183806, "lon": 6.3245489}, {"type": "node", "id": 2444315095, "lat": 49.41839, "lon": 6.3236667}, {"type": "node", "id": 2444315099, "lat": 49.4185447, "lon": 6.3254562}, {"type": "node", "id": 2444315101, "lat": 49.418588, "lon": 6.3231921}, {"type": "node", "id": 2444315103, "lat": 49.4186005, "lon": 6.3245944}, {"type": "node", "id": 2444315105, "lat": 49.4186528, "lon": 6.3259748}, {"type": "node", "id": 2444315107, "lat": 49.418684, "lon": 6.3231954}, {"type": "node", "id": 2444315109, "lat": 49.4187263, "lon": 6.3264364}, {"type": "node", "id": 2444315125, "lat": 49.4188076, "lon": 6.3270255}, {"type": "node", "id": 2444315126, "lat": 49.4188736, "lon": 6.3275164}, {"type": "node", "id": 2444315127, "lat": 49.4188802, "lon": 6.3263705}, {"type": "node", "id": 2444315128, "lat": 49.4189333, "lon": 6.3264147}, {"type": "node", "id": 2444315129, "lat": 49.4189731, "lon": 6.3269826}, {"type": "node", "id": 2444315130, "lat": 49.4190019, "lon": 6.3269078}, {"type": "node", "id": 2444315131, "lat": 49.4190719, "lon": 6.3246404}, {"type": "node", "id": 2444315133, "lat": 49.4193206, "lon": 6.3240802}, {"type": "node", "id": 2444315134, "lat": 49.4193237, "lon": 6.324222}, {"type": "node", "id": 2444315136, "lat": 49.4196566, "lon": 6.3246945, "tags": {"highway": "turning_circle"}}, {"type": "node", "id": 2444315137, "lat": 49.4196221, "lon": 6.3260141}, {"type": "node", "id": 2444315138, "lat": 49.4196361, "lon": 6.3261482, "tags": {"highway": "turning_circle"}}, {"type": "node", "id": 2444315139, "lat": 49.4196112, "lon": 6.3256587}, {"type": "node", "id": 2444315142, "lat": 49.4198481, "lon": 6.3272881, "tags": {"highway": "turning_circle"}}, {"type": "node", "id": 2444315143, "lat": 49.4198781, "lon": 6.3247179}, {"type": "node", "id": 2444315144, "lat": 49.4199044, "lon": 6.32806}, {"type": "node", "id": 2444315145, "lat": 49.4200259, "lon": 6.3247027}, {"type": "node", "id": 2444315146, "lat": 49.4200297, "lon": 6.327788}, {"type": "node", "id": 2444315147, "lat": 49.4200868, "lon": 6.3277042}, {"type": "node", "id": 2444315148, "lat": 49.4201334, "lon": 6.3253777}, {"type": "node", "id": 2444315150, "lat": 49.4201362, "lon": 6.3253395}, {"type": "node", "id": 2444315151, "lat": 49.4201714, "lon": 6.3248213}, {"type": "node", "id": 2444315152, "lat": 49.4202049, "lon": 6.3257891}, {"type": "node", "id": 2444315153, "lat": 49.4202162, "lon": 6.3248648}, {"type": "node", "id": 2444315154, "lat": 49.4202193, "lon": 6.3252671}, {"type": "node", "id": 2444315155, "lat": 49.420491, "lon": 6.3271158}, {"type": "node", "id": 2444315162, "lat": 49.4219104, "lon": 6.3271809}, {"type": "node", "id": 2444315163, "lat": 49.4220398, "lon": 6.3271474}, {"type": "node", "id": 2444315166, "lat": 49.423093, "lon": 6.3279192}, {"type": "node", "id": 2444316669, "lat": 49.4193358, "lon": 6.318631}, {"type": "node", "id": 2450739949, "lat": 49.4191591, "lon": 6.2941091}, {"type": "node", "id": 2450739950, "lat": 49.4194613, "lon": 6.2956652}, {"type": "node", "id": 2450739951, "lat": 49.4196674, "lon": 6.2944763}, {"type": "node", "id": 2624044464, "lat": 49.4233313, "lon": 6.2999362}, {"type": "node", "id": 2624044468, "lat": 49.4233649, "lon": 6.2997056}, {"type": "node", "id": 2624044469, "lat": 49.4234052, "lon": 6.2994853}, {"type": "node", "id": 2624044471, "lat": 49.4234231, "lon": 6.2992409}, {"type": "node", "id": 2624044473, "lat": 49.4234813, "lon": 6.2990447}, {"type": "node", "id": 2624044475, "lat": 49.4235462, "lon": 6.2987384}, {"type": "node", "id": 2863267905, "lat": 49.4222027, "lon": 6.3020325}, {"type": "node", "id": 2863267906, "lat": 49.4223066, "lon": 6.3040085}, {"type": "node", "id": 2863267907, "lat": 49.4224661, "lon": 6.3036271}, {"type": "node", "id": 2863267908, "lat": 49.4225689, "lon": 6.3032593}, {"type": "node", "id": 2863267909, "lat": 49.4226415, "lon": 6.3018294}, {"type": "node", "id": 2863267910, "lat": 49.4226468, "lon": 6.3024692}, {"type": "node", "id": 2863267911, "lat": 49.4226291, "lon": 6.3029541}, {"type": "node", "id": 2863267912, "lat": 49.4226911, "lon": 6.3015896}, {"type": "node", "id": 2863267913, "lat": 49.4227815, "lon": 6.3012681}, {"type": "node", "id": 2863267914, "lat": 49.422918, "lon": 6.300933}, {"type": "node", "id": 2863267915, "lat": 49.4232318, "lon": 6.3002459}, {"type": "node", "id": 2863267921, "lat": 49.4238938, "lon": 6.2962795}, {"type": "node", "id": 2863267922, "lat": 49.4239013, "lon": 6.2978638}, {"type": "node", "id": 2863267923, "lat": 49.423931, "lon": 6.2962141}, {"type": "node", "id": 2863267924, "lat": 49.4239212, "lon": 6.2979918}, {"type": "node", "id": 2863267927, "lat": 49.4240958, "lon": 6.298173}, {"type": "node", "id": 2863267933, "lat": 49.4242482, "lon": 6.2983065}, {"type": "node", "id": 2863267934, "lat": 49.4242844, "lon": 6.2967105}, {"type": "node", "id": 2863267936, "lat": 49.4245034, "lon": 6.2984291}, {"type": "node", "id": 2863267937, "lat": 49.4245176, "lon": 6.2969933}, {"type": "node", "id": 2863267938, "lat": 49.4245942, "lon": 6.2971442}, {"type": "node", "id": 2863267939, "lat": 49.4245832, "lon": 6.2968952}, {"type": "node", "id": 2863267940, "lat": 49.4245807, "lon": 6.2965534}, {"type": "node", "id": 2863267941, "lat": 49.424608, "lon": 6.2985054}, {"type": "node", "id": 2863267942, "lat": 49.4246884, "lon": 6.2973205}, {"type": "node", "id": 2863267943, "lat": 49.4246735, "lon": 6.2967236}, {"type": "node", "id": 2863267944, "lat": 49.4246877, "lon": 6.2966336}, {"type": "node", "id": 2863267945, "lat": 49.4247373, "lon": 6.2966473}, {"type": "node", "id": 2863267946, "lat": 49.4248195, "lon": 6.2975754}, {"type": "node", "id": 2863267947, "lat": 49.4248259, "lon": 6.2967644}, {"type": "node", "id": 2863267948, "lat": 49.4249105, "lon": 6.297781}, {"type": "node", "id": 2863267949, "lat": 49.4248933, "lon": 6.2987588}, {"type": "node", "id": 2863267950, "lat": 49.4249925, "lon": 6.2979796}, {"type": "node", "id": 2863267952, "lat": 49.42509, "lon": 6.2986906}, {"type": "node", "id": 2863267953, "lat": 49.4251685, "lon": 6.2982307}, {"type": "node", "id": 2863267954, "lat": 49.4254121, "lon": 6.2977748}, {"type": "node", "id": 2863267956, "lat": 49.4255688, "lon": 6.2971789}, {"type": "node", "id": 2903061192, "lat": 49.4464937, "lon": 6.3276791}, {"type": "node", "id": 2903065395, "lat": 49.4465874, "lon": 6.327724}, {"type": "node", "id": 2903065843, "lat": 49.4462752, "lon": 6.3275758}, {"type": "node", "id": 2903068408, "lat": 49.4402507, "lon": 6.3309199}, {"type": "node", "id": 2903071217, "lat": 49.4453449, "lon": 6.3363885}, {"type": "node", "id": 2903071226, "lat": 49.4467552, "lon": 6.3429422}, {"type": "node", "id": 2903071229, "lat": 49.4383858, "lon": 6.3317554}, {"type": "node", "id": 2903071232, "lat": 49.439236, "lon": 6.331347}, {"type": "node", "id": 2903071234, "lat": 49.4466358, "lon": 6.3419411}, {"type": "node", "id": 2903071235, "lat": 49.436969, "lon": 6.3328401}, {"type": "node", "id": 2903077707, "lat": 49.4430552, "lon": 6.3283681}, {"type": "node", "id": 2903077708, "lat": 49.4432578, "lon": 6.3275792}, {"type": "node", "id": 2903081497, "lat": 49.4436334, "lon": 6.3257506}, {"type": "node", "id": 2916377316, "lat": 49.4169671, "lon": 6.2954361}, {"type": "node", "id": 2916377341, "lat": 49.4182258, "lon": 6.2933714}, {"type": "node", "id": 3091634758, "lat": 49.4293456, "lon": 6.310654}, {"type": "node", "id": 3091634759, "lat": 49.4295164, "lon": 6.3109729}, {"type": "node", "id": 3091634760, "lat": 49.4295679, "lon": 6.3105789}, {"type": "node", "id": 3091634761, "lat": 49.4295572, "lon": 6.3108106}, {"type": "node", "id": 3091634762, "lat": 49.4295433, "lon": 6.3109319}, {"type": "node", "id": 3091634763, "lat": 49.4298725, "lon": 6.3138178}, {"type": "node", "id": 3091634764, "lat": 49.4299229, "lon": 6.3138323}, {"type": "node", "id": 3091635666, "lat": 49.4301018, "lon": 6.3100193}, {"type": "node", "id": 3091635667, "lat": 49.4301922, "lon": 6.3103163}, {"type": "node", "id": 3091635668, "lat": 49.430335, "lon": 6.3107961}, {"type": "node", "id": 3091635669, "lat": 49.4322068, "lon": 6.3098989}, {"type": "node", "id": 3091635670, "lat": 49.4323997, "lon": 6.3145435}, {"type": "node", "id": 3091635671, "lat": 49.4324737, "lon": 6.3143741}, {"type": "node", "id": 3091635673, "lat": 49.432724, "lon": 6.3141029}, {"type": "node", "id": 3091635674, "lat": 49.4328957, "lon": 6.313977}, {"type": "node", "id": 3091635675, "lat": 49.4329885, "lon": 6.3139916}, {"type": "node", "id": 3091635676, "lat": 49.4330846, "lon": 6.3137543}, {"type": "node", "id": 3091635677, "lat": 49.433697, "lon": 6.312539}, {"type": "node", "id": 3091635678, "lat": 49.4340639, "lon": 6.3122775}, {"type": "node", "id": 3091635679, "lat": 49.4341206, "lon": 6.31228}, {"type": "node", "id": 3091635680, "lat": 49.4343567, "lon": 6.3127206}, {"type": "node", "id": 3115762607, "lat": 49.418206, "lon": 6.3292779}, {"type": "node", "id": 3124820331, "lat": 49.423763, "lon": 6.2977252, "tags": {"name": "Place de la Mairie"}}, {"type": "node", "id": 3124820344, "lat": 49.4099499, "lon": 6.3059582}, {"type": "node", "id": 3124820345, "lat": 49.4117515, "lon": 6.3041211}, {"type": "node", "id": 3124820352, "lat": 49.4121672, "lon": 6.3038681}, {"type": "node", "id": 3124820373, "lat": 49.4171375, "lon": 6.3258545}, {"type": "node", "id": 3124820374, "lat": 49.4172971, "lon": 6.3257177}, {"type": "node", "id": 3124820377, "lat": 49.4183463, "lon": 6.3245201}, {"type": "node", "id": 3124820378, "lat": 49.4184227, "lon": 6.323566}, {"type": "node", "id": 3124820379, "lat": 49.4185752, "lon": 6.3255373}, {"type": "node", "id": 3124820380, "lat": 49.4185751, "lon": 6.3296744}, {"type": "node", "id": 3124820381, "lat": 49.4186364, "lon": 6.3231657}, {"type": "node", "id": 3124820382, "lat": 49.4186674, "lon": 6.3297391}, {"type": "node", "id": 3124820383, "lat": 49.4189787, "lon": 6.3298094}, {"type": "node", "id": 3124820384, "lat": 49.4190511, "lon": 6.3297585}, {"type": "node", "id": 3124820385, "lat": 49.4191073, "lon": 6.324616}, {"type": "node", "id": 3124820388, "lat": 49.4191816, "lon": 6.3255762}, {"type": "node", "id": 3124820393, "lat": 49.4193366, "lon": 6.3241437}, {"type": "node", "id": 3124820394, "lat": 49.419326, "lon": 6.3289022}, {"type": "node", "id": 3124820397, "lat": 49.4194887, "lon": 6.3278067}, {"type": "node", "id": 3124820398, "lat": 49.4195063, "lon": 6.3284945}, {"type": "node", "id": 3124820399, "lat": 49.4195881, "lon": 6.3283557}, {"type": "node", "id": 3124820400, "lat": 49.4198153, "lon": 6.3247128}, {"type": "node", "id": 3124820401, "lat": 49.4199118, "lon": 6.3279768}, {"type": "node", "id": 3124820402, "lat": 49.4199829, "lon": 6.324701}, {"type": "node", "id": 3124820403, "lat": 49.4200197, "lon": 6.3278614}, {"type": "node", "id": 3124820404, "lat": 49.4200321, "lon": 6.327934}, {"type": "node", "id": 3124820405, "lat": 49.4200642, "lon": 6.3279905}, {"type": "node", "id": 3124820406, "lat": 49.420081, "lon": 6.3247298}, {"type": "node", "id": 3124820407, "lat": 49.4201093, "lon": 6.328019}, {"type": "node", "id": 3124820408, "lat": 49.4201547, "lon": 6.3253167}, {"type": "node", "id": 3124820409, "lat": 49.4202014, "lon": 6.3252926}, {"type": "node", "id": 3124820410, "lat": 49.4202223, "lon": 6.3252329}, {"type": "node", "id": 3124820411, "lat": 49.4202519, "lon": 6.3248756}, {"type": "node", "id": 3124820412, "lat": 49.4205298, "lon": 6.3248603}, {"type": "node", "id": 3124820413, "lat": 49.4207658, "lon": 6.3248434}, {"type": "node", "id": 3124820414, "lat": 49.4218571, "lon": 6.2951471}, {"type": "node", "id": 3124820423, "lat": 49.4221437, "lon": 6.2952805}, {"type": "node", "id": 3124821332, "lat": 49.4237911, "lon": 6.2979135}, {"type": "node", "id": 3124821333, "lat": 49.4238825, "lon": 6.2973861}, {"type": "node", "id": 3124821334, "lat": 49.4239967, "lon": 6.2975927}, {"type": "node", "id": 3124821335, "lat": 49.4240309, "lon": 6.2974954}, {"type": "node", "id": 3124821338, "lat": 49.4241662, "lon": 6.2920538}, {"type": "node", "id": 3124821339, "lat": 49.4241462, "lon": 6.2964164}, {"type": "node", "id": 3124821340, "lat": 49.4241546, "lon": 6.2977683}, {"type": "node", "id": 3124821341, "lat": 49.4242032, "lon": 6.2977544}, {"type": "node", "id": 3124821343, "lat": 49.4242368, "lon": 6.2962164}, {"type": "node", "id": 3124821344, "lat": 49.424266, "lon": 6.2962092}, {"type": "node", "id": 3124821346, "lat": 49.4243426, "lon": 6.2975071}, {"type": "node", "id": 3124821347, "lat": 49.4243235, "lon": 6.2962718}, {"type": "node", "id": 3124821348, "lat": 49.4245469, "lon": 6.2970588}, {"type": "node", "id": 3124821350, "lat": 49.4250523, "lon": 6.2981026}, {"type": "node", "id": 3124821351, "lat": 49.4251029, "lon": 6.2981686}, {"type": "node", "id": 3126978545, "lat": 49.4111128, "lon": 6.3039617}, {"type": "node", "id": 3126978546, "lat": 49.4302506, "lon": 6.3105125}, {"type": "node", "id": 3126978547, "lat": 49.4303835, "lon": 6.3104307}, {"type": "node", "id": 3126978548, "lat": 49.4304656, "lon": 6.3107517}, {"type": "node", "id": 3126978550, "lat": 49.4305808, "lon": 6.3107106}, {"type": "node", "id": 3354599788, "lat": 49.420297, "lon": 6.3280109}, {"type": "node", "id": 3354609348, "lat": 49.4182306, "lon": 6.3254374}, {"type": "node", "id": 3354609378, "lat": 49.4199236, "lon": 6.3198946}, {"type": "node", "id": 3700169309, "lat": 49.4269803, "lon": 6.3313356}, {"type": "node", "id": 3700174088, "lat": 49.4368189, "lon": 6.3329546, "tags": {"crossing": "marked", "crossing_ref": "zebra", "highway": "crossing"}}, {"type": "node", "id": 3700179350, "lat": 49.4317568, "lon": 6.335396}, {"type": "node", "id": 3756066559, "lat": 49.421502, "lon": 6.3027922}, {"type": "node", "id": 3756066560, "lat": 49.4216916, "lon": 6.3024674}, {"type": "node", "id": 3756066571, "lat": 49.4437409, "lon": 6.3301695}, {"type": "node", "id": 3756066573, "lat": 49.4437619, "lon": 6.3303826}, {"type": "node", "id": 3756066574, "lat": 49.4438405, "lon": 6.3306274}, {"type": "node", "id": 3756066575, "lat": 49.4438905, "lon": 6.3307582}, {"type": "node", "id": 3756066576, "lat": 49.4449307, "lon": 6.3347915}, {"type": "node", "id": 3756066577, "lat": 49.4449311, "lon": 6.334678}, {"type": "node", "id": 3756066578, "lat": 49.444946, "lon": 6.3346315}, {"type": "node", "id": 3756066581, "lat": 49.4450724, "lon": 6.3341345}, {"type": "node", "id": 3756066582, "lat": 49.4450916, "lon": 6.3342123}, {"type": "node", "id": 3756066583, "lat": 49.4450959, "lon": 6.3342988}, {"type": "node", "id": 3774863081, "lat": 49.4467382, "lon": 6.3427048}, {"type": "node", "id": 3774863101, "lat": 49.4467616, "lon": 6.3434964, "tags": {"crossing": "marked", "crossing_ref": "zebra", "highway": "crossing"}}, {"type": "node", "id": 3774863112, "lat": 49.4467639, "lon": 6.3432285}, {"type": "node", "id": 4210425060, "lat": 49.4221549, "lon": 6.2951752}, {"type": "node", "id": 4364904763, "lat": 49.437907, "lon": 6.2982029}, {"type": "node", "id": 5226865981, "lat": 49.4343788, "lon": 6.3174142}, {"type": "node", "id": 5226865982, "lat": 49.4344613, "lon": 6.3188191}, {"type": "node", "id": 5226865983, "lat": 49.4343444, "lon": 6.3176563}, {"type": "node", "id": 5226865984, "lat": 49.4343575, "lon": 6.3175289}, {"type": "node", "id": 5226865985, "lat": 49.4343331, "lon": 6.3182129}, {"type": "node", "id": 5341076388, "lat": 49.4372678, "lon": 6.3326123}, {"type": "node", "id": 5341076389, "lat": 49.437254, "lon": 6.3325587, "tags": {"direction": "backward", "highway": "stop"}}, {"type": "node", "id": 5341076390, "lat": 49.4372835, "lon": 6.3324413}, {"type": "node", "id": 5341076391, "lat": 49.4377871, "lon": 6.3316441}, {"type": "node", "id": 5395976535, "lat": 49.4376345, "lon": 6.3318821}, {"type": "node", "id": 5395976536, "lat": 49.436817, "lon": 6.330701}, {"type": "node", "id": 5395976537, "lat": 49.4375762, "lon": 6.3317987, "tags": {"barrier": "gate"}}, {"type": "node", "id": 5605730550, "lat": 49.4467156, "lon": 6.3424865, "tags": {"crossing_ref": "zebra", "highway": "crossing"}}, {"type": "node", "id": 5958993737, "lat": 49.4216801, "lon": 6.3033374}, {"type": "node", "id": 5958993745, "lat": 49.421766, "lon": 6.3036505}, {"type": "node", "id": 5958993746, "lat": 49.4218097, "lon": 6.3038597}, {"type": "node", "id": 5958993747, "lat": 49.4218624, "lon": 6.3041588}, {"type": "node", "id": 5958993753, "lat": 49.421975, "lon": 6.3049407}, {"type": "node", "id": 5958993754, "lat": 49.4219933, "lon": 6.3051291}, {"type": "node", "id": 5958993761, "lat": 49.4220081, "lon": 6.3055039}, {"type": "node", "id": 5958994137, "lat": 49.4439563, "lon": 6.3309225, "tags": {"highway": "crossing", "source": "BDOrtho IGN"}}, {"type": "node", "id": 5958994147, "lat": 49.4449634, "lon": 6.3348976}, {"type": "node", "id": 5958994151, "lat": 49.4451378, "lon": 6.3352161}, {"type": "node", "id": 5958994152, "lat": 49.4453863, "lon": 6.3366236}, {"type": "node", "id": 5958994153, "lat": 49.4454442, "lon": 6.3369002}, {"type": "node", "id": 5958994156, "lat": 49.4454839, "lon": 6.3370782}, {"type": "node", "id": 5958994157, "lat": 49.4459679, "lon": 6.339}, {"type": "node", "id": 5958994485, "lat": 49.4219994, "lon": 6.3056347}, {"type": "node", "id": 5958995291, "lat": 49.4437732, "lon": 6.3291737}, {"type": "node", "id": 5958995292, "lat": 49.4436938, "lon": 6.3285273}, {"type": "node", "id": 5958995293, "lat": 49.4436912, "lon": 6.3284013}, {"type": "node", "id": 5958995294, "lat": 49.4436942, "lon": 6.3281317, "tags": {"highway": "crossing", "source": "BDOrtho IGN"}}, {"type": "node", "id": 5958995295, "lat": 49.4437801, "lon": 6.3297129}, {"type": "node", "id": 5958995296, "lat": 49.4437941, "lon": 6.3293977}, {"type": "node", "id": 5958995297, "lat": 49.443795, "lon": 6.3294983}, {"type": "node", "id": 5958995298, "lat": 49.4437897, "lon": 6.3296029, "tags": {"highway": "crossing", "source": "BDOrtho IGN"}}, {"type": "node", "id": 5958995299, "lat": 49.4409888, "lon": 6.3294339}, {"type": "node", "id": 5958995300, "lat": 49.4412391, "lon": 6.3298577}, {"type": "node", "id": 5958995302, "lat": 49.4416948, "lon": 6.3304579}, {"type": "node", "id": 5958995303, "lat": 49.4415766, "lon": 6.3304706, "tags": {"direction": "forward", "highway": "stop", "source": "BDOrtho IGN"}}, {"type": "node", "id": 5958995304, "lat": 49.4415574, "lon": 6.3304149}, {"type": "node", "id": 5958995305, "lat": 49.4415326, "lon": 6.3303578}, {"type": "node", "id": 5958995307, "lat": 49.4418404, "lon": 6.3303351}, {"type": "node", "id": 5958995308, "lat": 49.4417728, "lon": 6.3304009}, {"type": "node", "id": 5962005585, "lat": 49.4422847, "lon": 6.3189277}, {"type": "node", "id": 5962005586, "lat": 49.44263, "lon": 6.3190886}, {"type": "node", "id": 5964291235, "lat": 49.4291985, "lon": 6.3104895}, {"type": "node", "id": 5964291236, "lat": 49.429605, "lon": 6.3110809}, {"type": "node", "id": 5964293231, "lat": 49.4288997, "lon": 6.3097025}, {"type": "node", "id": 5964293232, "lat": 49.4288627, "lon": 6.3096532}, {"type": "node", "id": 5964293233, "lat": 49.4287615, "lon": 6.3095754}, {"type": "node", "id": 5964454706, "lat": 49.4249176, "lon": 6.329706}, {"type": "node", "id": 5964454707, "lat": 49.4237259, "lon": 6.3284429}, {"type": "node", "id": 5964454708, "lat": 49.4234607, "lon": 6.3280863}, {"type": "node", "id": 5964454709, "lat": 49.4231745, "lon": 6.3279004}, {"type": "node", "id": 5964454710, "lat": 49.4232333, "lon": 6.3278621, "tags": {"direction": "backward", "highway": "give_way", "source": "BDOrtho IGN", "source:date": "2015"}}, {"type": "node", "id": 5964454711, "lat": 49.4220703, "lon": 6.3259337}, {"type": "node", "id": 5964454712, "lat": 49.4221333, "lon": 6.3260437}, {"type": "node", "id": 5964454713, "lat": 49.4219605, "lon": 6.3256985}, {"type": "node", "id": 5964454714, "lat": 49.4218779, "lon": 6.3254747}, {"type": "node", "id": 5964454715, "lat": 49.4196263, "lon": 6.3190831}, {"type": "node", "id": 5964454716, "lat": 49.4196855, "lon": 6.3192216}, {"type": "node", "id": 5964454717, "lat": 49.4191488, "lon": 6.3184515}, {"type": "node", "id": 5964454718, "lat": 49.4192401, "lon": 6.3185331}, {"type": "node", "id": 5964454719, "lat": 49.4194227, "lon": 6.3187512}, {"type": "node", "id": 5964454720, "lat": 49.4195066, "lon": 6.3188764}, {"type": "node", "id": 5964454721, "lat": 49.418638, "lon": 6.3182183}, {"type": "node", "id": 5964454722, "lat": 49.4187256, "lon": 6.3182334}, {"type": "node", "id": 5964454723, "lat": 49.4189613, "lon": 6.3183283}, {"type": "node", "id": 5964454724, "lat": 49.4190723, "lon": 6.3183984}, {"type": "node", "id": 5964454725, "lat": 49.4185307, "lon": 6.3182069}, {"type": "node", "id": 5964454726, "lat": 49.4182222, "lon": 6.3181898}, {"type": "node", "id": 5964454727, "lat": 49.4180618, "lon": 6.3181765}, {"type": "node", "id": 5964454728, "lat": 49.4176658, "lon": 6.3180514}, {"type": "node", "id": 5964454729, "lat": 49.4177855, "lon": 6.3181064}, {"type": "node", "id": 5964454730, "lat": 49.4175745, "lon": 6.3180001}, {"type": "node", "id": 5964454731, "lat": 49.417461, "lon": 6.3179129}, {"type": "node", "id": 5964454732, "lat": 49.4173475, "lon": 6.3178181}, {"type": "node", "id": 5964454733, "lat": 49.4171575, "lon": 6.3176208}, {"type": "node", "id": 5964454734, "lat": 49.4167134, "lon": 6.3171782, "tags": {"direction": "forward", "highway": "stop", "source": "BDOrtho IGN", "source:date": "2015"}}, {"type": "node", "id": 5964454735, "lat": 49.4167571, "lon": 6.3170904, "tags": {"direction": "backward", "highway": "stop", "source": "BDOrtho IGN", "source:date": "2015"}}, {"type": "node", "id": 5964843003, "lat": 49.4334756, "lon": 6.3377951}, {"type": "node", "id": 5964843013, "lat": 49.4335818, "lon": 6.3379013}, {"type": "node", "id": 5964843021, "lat": 49.4337246, "lon": 6.3380441}, {"type": "node", "id": 5966320222, "lat": 49.4128003, "lon": 6.3034312}, {"type": "node", "id": 5966320223, "lat": 49.4128919, "lon": 6.3034071}, {"type": "node", "id": 5966320224, "lat": 49.4126808, "lon": 6.3034822}, {"type": "node", "id": 5966320225, "lat": 49.4155923, "lon": 6.3031054}, {"type": "node", "id": 5966320226, "lat": 49.4154937, "lon": 6.3031054}, {"type": "node", "id": 5966320227, "lat": 49.4153088, "lon": 6.3031241}, {"type": "node", "id": 5966320228, "lat": 49.4148133, "lon": 6.3031755}, {"type": "node", "id": 5966320229, "lat": 49.4159623, "lon": 6.3031416}, {"type": "node", "id": 5966320230, "lat": 49.4163723, "lon": 6.3032019}, {"type": "node", "id": 5966320231, "lat": 49.4167597, "lon": 6.3032475}, {"type": "node", "id": 5966320232, "lat": 49.416935, "lon": 6.3032569}, {"type": "node", "id": 5966320233, "lat": 49.4165782, "lon": 6.3032274}, {"type": "node", "id": 5966320234, "lat": 49.4172456, "lon": 6.3032435}, {"type": "node", "id": 5966320235, "lat": 49.4174184, "lon": 6.303218}, {"type": "node", "id": 5966320236, "lat": 49.418372, "lon": 6.3030222}, {"type": "node", "id": 5966320265, "lat": 49.4155004, "lon": 6.2958556}, {"type": "node", "id": 5966320271, "lat": 49.4164011, "lon": 6.2954624}, {"type": "node", "id": 5966320272, "lat": 49.4159684, "lon": 6.2955952}, {"type": "node", "id": 5966320273, "lat": 49.4160975, "lon": 6.2955388}, {"type": "node", "id": 5966335580, "lat": 49.4194715, "lon": 6.2956064, "tags": {"direction": "backward", "highway": "stop", "source": "BDOrtho IGN"}}, {"type": "node", "id": 5966335581, "lat": 49.4182036, "lon": 6.2954383}, {"type": "node", "id": 5966335582, "lat": 49.4180134, "lon": 6.2954195}, {"type": "node", "id": 5966335583, "lat": 49.4178023, "lon": 6.2954101}, {"type": "node", "id": 5966336294, "lat": 49.420334, "lon": 6.302581}, {"type": "node", "id": 5966336295, "lat": 49.4201072, "lon": 6.30264}, {"type": "node", "id": 5966336296, "lat": 49.4196178, "lon": 6.3027486}, {"type": "node", "id": 5966336297, "lat": 49.4211401, "lon": 6.302239}, {"type": "node", "id": 5966336298, "lat": 49.4213338, "lon": 6.3023557}, {"type": "node", "id": 5966336299, "lat": 49.4212902, "lon": 6.3022953}, {"type": "node", "id": 5966336300, "lat": 49.4211863, "lon": 6.3022377}, {"type": "node", "id": 5966336301, "lat": 49.4210808, "lon": 6.3022484}, {"type": "node", "id": 5966336302, "lat": 49.4210023, "lon": 6.3022833}, {"type": "node", "id": 5966336303, "lat": 49.4208409, "lon": 6.3023758}, {"type": "node", "id": 5966336308, "lat": 49.4215314, "lon": 6.30264}, {"type": "node", "id": 6535071896, "lat": 49.4255536, "lon": 6.2972365}, {"type": "node", "id": 8035997106, "lat": 49.4183425, "lon": 6.3294718}, {"type": "node", "id": 8035997112, "lat": 49.4191898, "lon": 6.3293954}, {"type": "node", "id": 9355554098, "lat": 49.4166118, "lon": 6.3267376}, {"type": "node", "id": 9355554099, "lat": 49.4166345, "lon": 6.3266981}, {"type": "node", "id": 9511224644, "lat": 49.4372569, "lon": 6.3324997}, {"type": "node", "id": 9511224646, "lat": 49.4394366, "lon": 6.3311975, "tags": {"crossing": "marked", "crossing_ref": "zebra", "highway": "crossing"}}, {"type": "node", "id": 9511224652, "lat": 49.4386849, "lon": 6.3315247}, {"type": "node", "id": 9511224653, "lat": 49.4388602, "lon": 6.331412}, {"type": "node", "id": 9511224654, "lat": 49.4392308, "lon": 6.3314302}, {"type": "node", "id": 9511224655, "lat": 49.4392291, "lon": 6.3312652}, {"type": "node", "id": 9511224656, "lat": 49.4397828, "lon": 6.3319498}, {"type": "node", "id": 9522354061, "lat": 49.433085, "lon": 6.3138402}, {"type": "node", "id": 9522354062, "lat": 49.4331727, "lon": 6.3139931}, {"type": "node", "id": 9522354063, "lat": 49.4331356, "lon": 6.3139844}, {"type": "node", "id": 9522354064, "lat": 49.4334496, "lon": 6.3137041}, {"type": "node", "id": 9522354065, "lat": 49.4332045, "lon": 6.3139737}, {"type": "node", "id": 9569644989, "lat": 49.4185695, "lon": 6.3254592}, {"type": "node", "id": 9569645410, "lat": 49.420662, "lon": 6.3279969}, {"type": "node", "id": 9569645411, "lat": 49.4224282, "lon": 6.3279399}, {"type": "node", "id": 9569645412, "lat": 49.4219802, "lon": 6.3271688}, {"type": "node", "id": 9569645413, "lat": 49.421288, "lon": 6.3259477}, {"type": "node", "id": 9569645414, "lat": 49.4205787, "lon": 6.3271406}, {"type": "node", "id": 9569645415, "lat": 49.4204178, "lon": 6.3272694}, {"type": "node", "id": 9569645416, "lat": 49.4200016, "lon": 6.3280325}, {"type": "node", "id": 9569645417, "lat": 49.4199432, "lon": 6.3279138}, {"type": "node", "id": 9569645418, "lat": 49.4191624, "lon": 6.329513}, {"type": "node", "id": 9569645432, "lat": 49.4204483, "lon": 6.3280043, "tags": {"crossing": "marked", "crossing_ref": "zebra", "highway": "crossing"}}, {"type": "node", "id": 9570725292, "lat": 49.4441996, "lon": 6.3194333}, {"type": "node", "id": 9609476711, "lat": 49.4219969, "lon": 6.3020813}, {"type": "node", "id": 9609476899, "lat": 49.4211676, "lon": 6.3085085}, {"type": "node", "id": 9609476900, "lat": 49.4162456, "lon": 6.3181045}, {"type": "node", "id": 9609476910, "lat": 49.4151116, "lon": 6.3203251}, {"type": "node", "id": 9609476945, "lat": 49.4139001, "lon": 6.323068}, {"type": "node", "id": 9609477075, "lat": 49.4135289, "lon": 6.3239421}, {"type": "node", "id": 9610713710, "lat": 49.439016, "lon": 6.3309387}, {"type": "node", "id": 9610713716, "lat": 49.4376665, "lon": 6.3318322}, {"type": "node", "id": 9610724139, "lat": 49.4370286, "lon": 6.3327945}, {"type": "node", "id": 9610724140, "lat": 49.4367616, "lon": 6.3329983}, {"type": "node", "id": 9610724255, "lat": 49.4458528, "lon": 6.3274209}, {"type": "node", "id": 9613212921, "lat": 49.4436886, "lon": 6.3280258}, {"type": "node", "id": 9613212922, "lat": 49.4437827, "lon": 6.3277709}, {"type": "node", "id": 9613212923, "lat": 49.443737, "lon": 6.3278514}, {"type": "node", "id": 9613212924, "lat": 49.4433625, "lon": 6.3276811}, {"type": "node", "id": 9613212925, "lat": 49.4433119, "lon": 6.3276603}, {"type": "node", "id": 9613212926, "lat": 49.4432395, "lon": 6.3276932}, {"type": "node", "id": 9613212927, "lat": 49.4432665, "lon": 6.3274732}, {"type": "node", "id": 9613212928, "lat": 49.4455197, "lon": 6.3274679}, {"type": "node", "id": 9613212929, "lat": 49.4447262, "lon": 6.3275027}, {"type": "node", "id": 9613212930, "lat": 49.4442283, "lon": 6.3272868}, {"type": "node", "id": 9613212931, "lat": 49.4443862, "lon": 6.3273874}, {"type": "node", "id": 9613213405, "lat": 49.4423841, "lon": 6.3250968}, {"type": "node", "id": 9613213406, "lat": 49.4422864, "lon": 6.3249868}, {"type": "node", "id": 9880948207, "lat": 49.4301938, "lon": 6.3093665}, {"type": "node", "id": 9880948208, "lat": 49.4301839, "lon": 6.3128787}, {"type": "node", "id": 9880968545, "lat": 49.4378957, "lon": 6.2976991}, {"type": "node", "id": 9880968683, "lat": 49.4409356, "lon": 6.2895124}, {"type": "node", "id": 9880968700, "lat": 49.4372969, "lon": 6.2943668}, {"type": "node", "id": 9880968704, "lat": 49.4409379, "lon": 6.2893726}, {"type": "node", "id": 9881029301, "lat": 49.4327531, "lon": 6.3140773}, {"type": "node", "id": 10214786857, "lat": 49.441887, "lon": 6.3302694}, {"type": "node", "id": 10214786859, "lat": 49.4451744, "lon": 6.3353361}, {"type": "way", "id": 5016759, "nodes": [25625476, 3091635669, 25625485, 25625487, 25625488, 25625490, 3091635677, 25625491, 25625494, 3091635678, 3091635679, 25625495, 3091635680, 25625497, 1550806420, 25625498, 25625499, 25625662, 25625664, 25625665, 25625666, 25625667, 25625669, 25625671, 25625674, 25625676, 25625679, 25625682], "tags": {"fixme": "yes", "highway": "residential", "name": "Chemin des Quatre Vents"}}, {"type": "way", "id": 5016910, "nodes": [25626214, 4210425060, 3124820423, 25626229], "tags": {"class:bicycle:touring": "3", "highway": "secondary", "maxspeed": "45", "name": "Place des Marronniers", "ref": "D 62"}}, {"type": "way", "id": 5016957, "nodes": [25625520, 25625521, 25625522, 25625523, 9880948208, 25625524, 25625526, 25625525], "tags": {"fixme": "yes", "highway": "unclassified"}}, {"type": "way", "id": 5016963, "nodes": [25625446, 25625445, 25625451, 25625452, 25625453, 25625461, 25625463], "tags": {"fixme": "yes", "highway": "unclassified", "name": "Rue des Pr\u00e9s"}}, {"type": "way", "id": 5016988, "nodes": [25626254, 3124821332, 25626255, 25626256, 25626257, 25626258, 25626260], "tags": {"class:bicycle:touring": "3", "highway": "secondary", "name": "Rue de Metrich", "ref": "D 62A"}}, {"type": "way", "id": 5017056, "nodes": [25626095, 25626096, 25626097, 25626098, 25626116, 3124821338, 25626123, 25626130, 25626137, 25626144, 25626151, 25626157, 25626163, 25626173, 25626183, 25626194], "tags": {"class:bicycle:touring": "3", "highway": "secondary", "ref": "D 62"}}, {"type": "way", "id": 5017172, "nodes": [25625525, 3091634764, 3091634763, 25625534, 768805355], "tags": {"fixme": "yes", "highway": "unclassified"}}, {"type": "way", "id": 5017236, "nodes": [25625515, 25696245, 5964291236, 25696247, 3091634759, 25696248, 25696249, 5964291235, 25696250, 25696251, 25696252, 5964293231, 5964293232, 25696253, 5964293233, 25696254], "tags": {"highway": "residential", "name": "Rue des Moulins"}}, {"type": "way", "id": 5017245, "nodes": [25625403, 25625377, 25625379, 25625380, 25625382, 25625384, 25625385, 25625386, 25625387, 25625388, 25625389, 25625390, 25625391, 25625362], "tags": {"fixme": "yes", "highway": "unclassified", "surface": "unpaved"}}, {"type": "way", "id": 5017574, "nodes": [25625446, 25625449, 25625448, 25625465, 25625468, 25625466, 25625467], "tags": {"created_by": "Tways 0.2", "fixme": "yes", "highway": "unclassified"}}, {"type": "way", "id": 5018106, "nodes": [25626214, 25626194], "tags": {"bridge": "yes", "class:bicycle:touring": "3", "highway": "secondary", "layer": "1", "ref": "D 62"}}, {"type": "way", "id": 5018588, "nodes": [25625443, 25625446], "tags": {"created_by": "Tways 0.2", "fixme": "yes", "highway": "unclassified"}}, {"type": "way", "id": 10413990, "nodes": [25626260, 2387900401, 25626229], "tags": {"class:bicycle:touring": "3", "highway": "secondary", "maxspeed": "45", "name": "Place des Marronniers", "oneway": "yes", "ref": "D 62A"}}, {"type": "way", "id": 10414012, "nodes": [88903312, 2387900399, 25626260], "tags": {"class:bicycle:touring": "3", "highway": "secondary", "ref": "D 62A"}}, {"type": "way", "id": 10414175, "nodes": [25626254, 2863267924, 2863267927, 2863267933, 2863267936, 2863267941, 2863267949, 88906622], "tags": {"highway": "residential", "name": "Rue de Plan d'Eau"}}, {"type": "way", "id": 10414195, "nodes": [88906622, 2863267952, 88906835], "tags": {"highway": "residential"}}, {"type": "way", "id": 10414277, "nodes": [88906835, 2863267954, 6535071896, 2863267956, 88907864], "tags": {"highway": "residential", "motorcycle": "yes", "name": "Chemin de la Moselle", "surface": "asphalt"}}, {"type": "way", "id": 24959202, "nodes": [25626254, 271220014, 2624044475, 2624044473, 2624044471, 2624044469, 2624044468, 2624044464, 271220015, 2863267915, 2863267914, 2863267913, 2863267912, 2863267909, 387788193, 2863267905, 387788192, 9609476711, 3756066560, 1852226356, 387896789, 5966336308, 387788191], "tags": {"highway": "secondary", "name": "Rue de la Gare", "ref": "D 62A"}}, {"type": "way", "id": 30641193, "nodes": [338879760, 5964454710, 5964454709, 2444315166, 9569645411, 768749896, 9569645410, 9569645432, 3354599788, 3124820407, 9569645416, 2444315144, 338879813, 768749908, 3124820399, 3124820398, 768749912, 3124820394, 768749916, 8035997112], "tags": {"highway": "tertiary", "name": "Rue des Violettes", "ref": "D 153 J", "sidewalk": "both"}}, {"type": "way", "id": 33575692, "nodes": [88903312, 25626261, 25626262, 25626263, 25626264, 2387900393, 2450739950, 318331765, 5966335581, 5966335582, 5966335583, 318331766, 2916377316, 318331767, 5966320271, 318331768, 5966320273, 5966320272, 318331769, 5966320265, 1852226345], "tags": {"fixme": "yes", "highway": "secondary", "ref": "D 62"}}, {"type": "way", "id": 33857600, "nodes": [387788223, 2903077707, 387788224, 9613212926, 387788225], "tags": {"highway": "tertiary", "lanes": "2", "name": "Rue de la Chartreuse", "ref": "D 61", "surface": "asphalt"}}, {"type": "way", "id": 33857601, "nodes": [387788222, 387788223], "tags": {"bridge": "yes", "highway": "tertiary", "lanes": "2", "layer": "1", "name": "Rue de la Chartreuse", "ref": "D 61", "ref:FR:SNCF_Reseau:GAIA": "e86db3fc-6667-11e3-a7ff-01f464e0362d", "surface": "asphalt"}}, {"type": "way", "id": 40264019, "nodes": [25696289, 1550791957, 25696290, 25696291, 25696293, 25696295, 25625480], "tags": {"highway": "residential", "name": "Ruelle des P\u00eacheurs"}}, {"type": "way", "id": 40264023, "nodes": [25625503, 25625504, 25625505, 25625506, 25625507, 25625508, 25625509, 25625519, 25625520], "tags": {"highway": "secondary", "lanes": "2", "name": "Grand Rue", "ref": "D 64", "surface": "asphalt"}}, {"type": "way", "id": 40264169, "nodes": [25625232, 485574538, 485574540, 485574541, 485574544], "tags": {"highway": "residential", "name": "Rue du Calvaire"}}, {"type": "way", "id": 40264330, "nodes": [25625366, 25625436, 25625437, 25625438, 25625439, 25625440, 25625441, 25625442, 25625444, 25625443, 25625454, 25625455, 25625456, 25625470, 25625471, 25625472, 25625473, 25625476, 25625478, 25625480, 25625510, 25625511, 3126978550, 3126978548, 25625512, 3091635668, 25625513, 25625514, 2014285324, 25625515, 25625516, 25625517, 25625518, 25625520], "tags": {"highway": "secondary", "lanes": "2", "name": "Grand Rue", "ref": "D 64", "surface": "asphalt"}}, {"type": "way", "id": 61676609, "nodes": [768749931, 9355554098, 9355554099, 768749955, 768749956, 3124820373, 768749957, 3124820374, 768749958, 768749960, 768749961, 3354609348, 768749962, 2444315099, 9569644989, 768749963, 3124820388], "tags": {"highway": "residential", "name": "Rue de la Ceriseraie"}}, {"type": "way", "id": 61681990, "nodes": [768808905, 768808906, 768808907, 768808908, 768808904, 9511224656, 768808909, 768808910, 768808911, 768808912, 768808913, 768808914, 9511224654, 2903071232, 9511224655], "tags": {"highway": "residential", "lit": "yes", "name": "Rue des Vergers", "surface": "asphalt"}}, {"type": "way", "id": 61683377, "nodes": [768834082, 768834087, 768834090, 768834097, 768834103, 768834106], "tags": {"highway": "residential", "lit": "yes", "name": "Rue de la For\u00eat de Buis", "surface": "asphalt"}}, {"type": "way", "id": 61683393, "nodes": [768834118, 768834120, 768834122, 768834124, 768834126, 768834128, 768834130, 768834133, 768834134, 768834136, 768834138, 768834141, 768834142, 768834144, 768834146, 768834149, 768834150, 768834152, 768834154, 768834156, 768834158, 768834118, 768834097], "tags": {"highway": "residential", "name": "Boucle de Thure"}}, {"type": "way", "id": 71324320, "nodes": [25626254, 2863267922, 3124821334, 3124821335, 848770807], "tags": {"highway": "residential"}}, {"type": "way", "id": 73306436, "nodes": [387788226, 9613212923, 9613212922, 1461524402, 1461524626, 1461524613, 1461524523], "tags": {"highway": "residential", "name": "Rue Saint-Nicolas", "surface": "asphalt"}}, {"type": "way", "id": 73306438, "nodes": [387788220, 9610724140, 3700174088, 2903071235, 9610724139, 5341076388, 2903071229, 9511224652, 9511224653, 387788221, 768808893, 9511224655, 9511224646, 768812501, 2903068408, 869498118, 869498100, 1464113594, 5958995302, 5958995308, 5958995307, 10214786857, 387788222], "tags": {"highway": "tertiary", "lanes": "2", "name": "Rue de la Chartreuse", "ref": "D 61", "surface": "asphalt"}}, {"type": "way", "id": 107887009, "nodes": [338879862, 2437057990, 9609477075, 1239045034, 1239045055, 9609476945, 1239044838, 1239044766, 1239044921, 1239044866, 1239044784, 9609476910, 1239045071, 1239045095, 9609476900, 5964454734, 512896084, 5964454735, 512896083, 1239045059, 512896082, 1239044851, 512896081, 1239044771, 1239044925, 512896077, 1239044875, 1239045008, 512896076, 1239044950, 1239045076, 1239045098, 9609476899, 512896075, 1239044883, 512896074, 1239044832, 1239044955, 5958994485, 5958993761, 1239044906, 5958993754, 5958993753, 1239045033, 5958993747, 5958993746, 5958993745, 1239044986, 5958993737, 1239044761, 3756066559, 387788191], "tags": {"highway": "unclassified", "name": "Route de Malling"}}, {"type": "way", "id": 125759614, "nodes": [25625403, 484334222, 484334227], "tags": {"highway": "unclassified", "surface": "unpaved"}}, {"type": "way", "id": 125759619, "nodes": [484334227, 1396042962, 9880968683, 9880968704, 1396042965, 1396042973, 1396042968, 1396042967, 2387877038, 2387877054, 2387877057, 1396042963, 2387877059, 1396042969, 1396436273, 1396042964, 1396042959, 1396042960], "tags": {"highway": "unclassified", "surface": "unpaved"}}, {"type": "way", "id": 125762082, "nodes": [25696254, 1396064795, 1396064794], "tags": {"fixme": "yes", "highway": "residential", "name": "Impasse des Vergers"}}, {"type": "way", "id": 132844728, "nodes": [1461523059, 1461524523], "tags": {"highway": "residential", "lit": "yes", "name": "Rue du Puits", "source": "cadastre-dgi-fr source : Direction G\u00e9n\u00e9rale des Imp\u00f4ts - Cadastre. Mise \u00e0 jour : 2011", "surface": "asphalt"}}, {"type": "way", "id": 132848129, "nodes": [387788225, 9613212925, 9613212924, 387788226, 9613212921, 5958995294, 5958995293, 5958995292, 387788227, 5958995291, 387788228, 5958995296, 5958995297, 5958995298, 5958995295, 3756066571, 387788229, 3756066573, 3756066574, 3756066575, 5958994137, 1461524604, 387788230, 768812455, 387788231, 387788232, 387788233, 3756066581, 3756066582, 3756066583, 387788234, 387896788, 1852226341, 1461575536, 3756066578, 3756066577, 387788235, 3756066576, 387788236, 5958994147, 768834381, 5958994151, 10214786859, 387788237, 2903071217, 5958994152, 5958994153, 5958994156, 387788238, 5958994157, 1461575544, 1461575563, 2903071234, 1344329787, 5605730550, 3774863081, 2903071226, 3774863112, 3774863101], "tags": {"highway": "tertiary", "lanes": "2", "maxspeed": "70", "name": "Rue de Sierck", "source": "cadastre-dgi-fr source : Direction G\u00e9n\u00e9rale des Imp\u00f4ts - Cadastre. Mise \u00e0 jour : 2011", "source:maxspeed": "sign", "surface": "asphalt"}}, {"type": "way", "id": 132848137, "nodes": [1461575505, 1461575516, 1461575517], "tags": {"highway": "residential", "source": "cadastre-dgi-fr source : Direction G\u00e9n\u00e9rale des Imp\u00f4ts - Cadastre. Mise \u00e0 jour : 2011"}}, {"type": "way", "id": 133059959, "nodes": [869498121, 1461523059], "tags": {"highway": "residential", "name": "Rue de la Moselle", "ref": "D 61", "surface": "asphalt"}}, {"type": "way", "id": 133059960, "nodes": [1464113592, 5958995299, 5958995300, 5958995305, 5958995304, 5958995303, 1464113594], "tags": {"highway": "residential", "name": "Rue des Vignes", "surface": "asphalt"}}, {"type": "way", "id": 141674819, "nodes": [25625504, 3091635670, 3091635671, 3091635673, 9881029301, 1550806409, 3091635674, 3091635675, 1550806413, 1550806415, 9522354061, 3091635676, 1550806414, 1550806411, 1550806404, 1550806399, 1550806394], "tags": {"highway": "residential", "name": "All\u00e9e de la Vienne"}}, {"type": "way", "id": 154080067, "nodes": [25626229, 2387900396, 88903312], "tags": {"class:bicycle:touring": "3", "highway": "secondary", "maxspeed": "45", "name": "Place des Marronniers", "oneway": "yes", "ref": "D 62", "source": "cadastre-dgi-fr source : Direction G\u00e9n\u00e9rale des Imp\u00f4ts - Cadastre. Mise \u00e0 jour : 2012"}}, {"type": "way", "id": 174824196, "nodes": [1461524523, 869498069, 869498121, 2102378661, 1461575517, 9613213405, 9613213406, 869498095], "tags": {"highway": "residential", "name": "Rue de la Moselle"}}, {"type": "way", "id": 174824201, "nodes": [1461523059, 9613212927, 2903077708, 387788225], "tags": {"highway": "residential", "lit": "yes", "name": "Rue de la Moselle", "ref": "D 61", "surface": "asphalt"}}, {"type": "way", "id": 230263550, "nodes": [25625970, 2387873723], "tags": {"bridge": "yes", "highway": "secondary", "layer": "1", "name": "Rue de l'Ancien Moulin", "ref": "D 62"}}, {"type": "way", "id": 230263552, "nodes": [2387873723, 25626094, 25626095], "tags": {"highway": "secondary", "name": "Rue de l'Ancien Moulin", "ref": "D 62"}}, {"type": "way", "id": 235286058, "nodes": [387788191, 5966336298, 5966336299, 387788190, 5966336300, 5966336297, 5966336301, 5966336302, 5966336303, 387788189, 5966336294, 5966336295, 5966336296, 5966320236, 5966320235, 5966320234, 387788188, 5966320232, 5966320231, 5966320233, 5966320230, 5966320229, 387788187, 5966320225, 5966320226, 5966320227, 5966320228, 387788186, 5966320223, 5966320222, 869516488, 5966320224, 2437057981, 3124820352, 387788185, 3124820345, 2437057979, 387788184, 2437057976, 3126978545, 387788183, 2437057975, 387788182, 2437057974, 387788181, 3124820344, 2437057972, 2437057971, 21520359], "tags": {"highway": "secondary", "name": "Grand'Rue", "ref": "D 855"}}, {"type": "way", "id": 236400734, "nodes": [2444315163, 9569645412, 2444315162, 9569645414, 2444315155, 9569645415, 2444315147, 2444315146, 9569645417, 3124820401, 2444315144], "tags": {"highway": "residential", "name": "Rue du Muguet"}}, {"type": "way", "id": 236400735, "nodes": [2444315126, 2444315125, 2444315109, 2444315105, 3124820379, 9569644989], "tags": {"highway": "residential", "name": "Boucle des Vergers"}}, {"type": "way", "id": 236400736, "nodes": [2444315142, 2444315147], "tags": {"highway": "residential", "name": "Impasse des Tulipes"}}, {"type": "way", "id": 236400738, "nodes": [2444315139, 2444315137, 2444315138], "tags": {"highway": "residential", "name": "Impasse des Lilas"}}, {"type": "way", "id": 236400741, "nodes": [2444315109, 2444315127, 2444315128, 2444315130, 2444315129, 2444315125], "tags": {"highway": "residential", "name": "Boucle des Vergers"}}, {"type": "way", "id": 237128801, "nodes": [2450739950, 5966335580, 2450739951, 2450739949, 2916377341], "tags": {"highway": "residential", "name": "Le Domaine des Primev\u00e8res"}}, {"type": "way", "id": 282418756, "nodes": [2863267937, 2863267939, 2863267943, 2863267944, 2863267945, 2863267947], "tags": {"highway": "residential", "name": "Place Saint-S\u00e9verin"}}, {"type": "way", "id": 282418761, "nodes": [387788193, 2863267910, 2863267911, 2863267908, 2863267907, 2863267906], "tags": {"highway": "residential", "name": "Rue des Bosquets"}}, {"type": "way", "id": 282418764, "nodes": [88906835, 2863267953, 3124821351, 3124821350, 2863267950, 2863267948, 2863267946, 2863267942, 2863267938, 3124821348, 2863267937], "tags": {"highway": "residential", "name": "Rue de la Moselle"}}, {"type": "way", "id": 286102994, "nodes": [484309250, 25696206, 25696207, 25696208, 25696209, 25696210, 25696211, 9570725292, 25696212, 25696224, 25696225, 25696226, 5962005586, 25696227, 5962005585, 25696228, 25696229], "tags": {"highway": "secondary", "lanes": "2", "name": "Route de Berg", "ref": "D 64", "surface": "asphalt"}}, {"type": "way", "id": 286103389, "nodes": [25625251, 25625962, 25625963, 25625964, 25625965, 25625966, 25625967, 25625968, 25625969, 25625970], "tags": {"highway": "secondary", "name": "Rue de l'Ancien Moulin", "ref": "D 62"}}, {"type": "way", "id": 286103390, "nodes": [484334294, 25625318, 25625320, 25625322, 25625323, 25625324, 25625326], "tags": {"highway": "secondary", "lanes": "2", "name": "Rue Jeanne d'Arc", "ref": "D 64", "surface": "asphalt"}}, {"type": "way", "id": 286531478, "nodes": [768808893, 9610713710, 768834106], "tags": {"highway": "residential", "lit": "yes", "name": "Rue de la For\u00eat de Buis", "surface": "asphalt"}}, {"type": "way", "id": 286625807, "nodes": [2903065395, 2903061192, 2903065843, 1461575548, 1461526512, 9610724255, 9613212928, 1461526015, 9613212929, 1461525253, 9613212931, 9613212930, 1461524626], "tags": {"highway": "residential", "lit": "yes", "name": "Rue Saint-Nicolas", "source": "cadastre-dgi-fr source : Direction G\u00e9n\u00e9rale des Imp\u00f4ts - Cadastre. Mise \u00e0 jour : 2011", "surface": "asphalt"}}, {"type": "way", "id": 286631990, "nodes": [869498121, 2903081497], "tags": {"highway": "residential", "name": "Rue de la Moselle", "ref": "D 61"}}, {"type": "way", "id": 304600709, "nodes": [1396056142, 3091635666, 3091635667, 3126978546, 3091635668], "tags": {"highway": "residential", "name": "Place Saint-Michel"}}, {"type": "way", "id": 304600710, "nodes": [25696249, 3091634758, 1396056148, 1396056139, 3091634761, 3091634762, 3091634759], "tags": {"highway": "residential", "name": "Place des Tilleuls", "surface": "dirt"}}, {"type": "way", "id": 307369448, "nodes": [2444315099, 2444315103, 2444315131, 3124820385, 2444315134, 3124820393, 2444315133, 2444315107, 3124820381, 2444315101, 3124820378, 2444315095, 2444315088, 3124820377, 2444315090, 2444315103], "tags": {"highway": "residential", "name": "Boucle des Vignes"}}, {"type": "way", "id": 307369449, "nodes": [3124821334, 3124821340, 3124821341, 3124821346], "tags": {"highway": "residential", "name": "Impasse des Jardins"}}, {"type": "way", "id": 307369453, "nodes": [3124821335, 3124821333, 3124820331], "tags": {"highway": "residential", "name": "Place de la Mairie"}}, {"type": "way", "id": 307369454, "nodes": [2863267937, 2863267934], "tags": {"highway": "residential", "name": "Place des Tilleuls"}}, {"type": "way", "id": 307369455, "nodes": [848770807, 2863267934, 848770786, 3124821339, 848770776, 2863267923, 2863267921, 848770781, 848770807], "tags": {"highway": "residential", "name": "Place des Tilleuls"}}, {"type": "way", "id": 307369458, "nodes": [25625326, 25625328, 25625376, 9880968700, 25625374, 25625372, 25625371, 25625370, 25625362, 9880968545, 25625364, 4364904763, 25625366], "tags": {"highway": "secondary", "lanes": "2", "name": "Rue de Berg", "ref": "D 64", "surface": "asphalt"}}, {"type": "way", "id": 307369460, "nodes": [3124820399, 3124820397], "tags": {"highway": "residential", "name": "Rue des Bleuets"}}, {"type": "way", "id": 307369462, "nodes": [2444315155, 2444315152, 2444315148, 2444315150, 3124820408, 3124820409, 2444315154, 3124820410, 2444315153, 2444315151, 3124820406, 2444315145, 3124820402, 2444315143, 3124820400, 2444315136], "tags": {"highway": "residential", "name": "Rue des Hortensias"}}, {"type": "way", "id": 307369463, "nodes": [2444315153, 3124820411, 3124820412, 3124820413], "tags": {"highway": "residential", "name": "Rue des Hortensias"}}, {"type": "way", "id": 307369464, "nodes": [3124820388, 2444315139, 2444315152, 768749965, 9569645413, 768749966, 768749970, 768749971, 2444315163, 768749972, 768749974, 338879807, 768749896], "tags": {"highway": "residential", "name": "Rue des Roses"}}, {"type": "way", "id": 307369465, "nodes": [3124820423, 3124820414], "tags": {"highway": "residential", "name": "Rue des Vignes"}}, {"type": "way", "id": 307369466, "nodes": [2863267944, 2863267940, 3124821347, 3124821344, 3124821343, 3124821339], "tags": {"highway": "residential", "name": "Venelle de l'Octroi"}}, {"type": "way", "id": 307369474, "nodes": [2444315146, 3124820403, 3124820404, 3124820405, 3124820407], "tags": {"highway": "residential"}}, {"type": "way", "id": 307515017, "nodes": [1396056139, 3091634760, 1396056166, 1396056164, 1396056161, 1396056142, 1396056144, 9880948207, 1396056158], "tags": {"highway": "residential", "name": "Chemin du Calvaire"}}, {"type": "way", "id": 307515020, "nodes": [3126978548, 3126978547, 3126978546], "tags": {"highway": "residential", "name": "Place Saint-Michel"}}, {"type": "way", "id": 307515021, "nodes": [25696229, 25696230, 25696231, 25696232, 25696233, 25696234, 25696235, 25696236, 25696237, 25696238, 25696239, 25696240, 25625683, 25625685, 25625687, 25625689, 25625691, 25625693, 25625695, 25625574, 25625573, 25625571, 5226865981, 25625569, 25625568, 25625565, 25625501, 25625503], "tags": {"highway": "secondary", "lanes": "2", "name": "Route de Haute Kontz", "ref": "D 64", "surface": "asphalt"}}, {"type": "way", "id": 540239633, "nodes": [5226865981, 5226865984, 5226865983, 5226865985, 5226865982], "tags": {"highway": "residential", "name": "Impasse des Vignes", "source:name": "DGFiP 2017/BANO"}}, {"type": "way", "id": 553295804, "nodes": [5341076388, 5341076389, 9511224644, 5341076390, 5395976535, 9610713716, 5341076391], "tags": {"highway": "residential", "name": "Rue du Ch\u00eane"}}, {"type": "way", "id": 559467789, "nodes": [5395976535, 5395976537, 5395976536], "tags": {"highway": "residential", "name": "Rue du Ch\u00eane"}}, {"type": "way", "id": 631653454, "nodes": [2437057980, 1239045050, 512896084, 5964454733, 5964454732, 5964454731, 5964454730, 5964454728, 5964454729, 387788179, 5964454727, 5964454726, 5964454725, 5964454721, 5964454722, 387788178, 5964454723, 5964454724, 5964454717, 5964454718, 2444316669, 5964454719, 5964454720, 387788177, 5964454715, 5964454716, 3354609378, 768750050, 5964454714, 5964454713, 768750049, 5964454711, 5964454712, 338879757, 768750048, 338879760, 5964454708, 768750047, 5964454707, 768750046, 768750045, 338879763, 5964454706, 768750044, 3700169309, 338879776, 768750042, 768750041, 338879778, 3700179350, 768750040, 338879781, 768750039, 768741793, 768750038, 5964843003, 5964843013, 5964843021], "tags": {"highway": "primary", "lanes": "2", "old_ref": "N 153", "ref": "D 654", "surface": "asphalt"}}, {"type": "way", "id": 1033581633, "nodes": [1550806415, 9522354063, 9522354062, 9522354065, 9522354064], "tags": {"highway": "residential", "name": "All\u00e9e de l\u2019Atrium"}}, {"type": "way", "id": 1039181271, "nodes": [8035997112, 9569645418, 338879816, 3124820384, 3124820383, 768749924, 768749927, 3124820382, 3124820380, 8035997106, 3115762607], "tags": {"highway": "tertiary", "ref": "D 153 J", "sidewalk": "no"}}]}