{"version": 0.6, "generator": "Overpass API 0.7.60 f4c14d41", "osm3s": {"timestamp_osm_base": "2023-05-14T19:38:23Z", "copyright": "The data included in this document is from www.openstreetmap.org. The data is made available under ODbL."}, "elements": [{"type": "node", "id": 181631312, "lat": 39.473305, "lon": -85.926542}, {"type": "node", "id": 181645206, "lat": 39.448983, "lon": -85.908113}, {"type": "node", "id": 181648093, "lat": 39.473555, "lon": -85.915662}, {"type": "node", "id": 181648112, "lat": 39.4735602, "lon": -85.9149932}, {"type": "node", "id": 181648127, "lat": 39.476853, "lon": -85.922723}, {"type": "node", "id": 181648160, "lat": 39.482068, "lon": -85.922758}, {"type": "node", "id": 181648197, "lat": 39.483284, "lon": -85.922772}, {"type": "node", "id": 181648226, "lat": 39.486867, "lon": -85.922835}, {"type": "node", "id": 181649002, "lat": 39.474358, "lon": -85.884864}, {"type": "node", "id": 181652017, "lat": 39.45247, "lon": -85.922632}, {"type": "node", "id": 181664472, "lat": 39.451158, "lon": -85.908178}, {"type": "node", "id": 181678027, "lat": 39.50449, "lon": -85.922905}, {"type": "node", "id": 181678058, "lat": 39.507716, "lon": -85.922875}, {"type": "node", "id": 181678450, "lat": 39.473904, "lon": -85.896589}, {"type": "node", "id": 181681595, "lat": 39.473188, "lon": -85.933365}, {"type": "node", "id": 181681639, "lat": 39.475017, "lon": -85.9427641}, {"type": "node", "id": 181681922, "lat": 39.462228, "lon": -85.922613}, {"type": "node", "id": 181681938, "lat": 39.465451, "lon": -85.908345}, {"type": "node", "id": 181687845, "lat": 39.473109, "lon": -85.941799}, {"type": "node", "id": 181688130, "lat": 39.4587431, "lon": -85.9226137}, {"type": "node", "id": 181688154, "lat": 39.4590947, "lon": -85.9082482}, {"type": "node", "id": 181694527, "lat": 39.488047, "lon": -85.922836}, {"type": "node", "id": 181695435, "lat": 39.437112, "lon": -85.907828}, {"type": "node", "id": 181695437, "lat": 39.437664, "lon": -85.907857}, {"type": "node", "id": 181695438, "lat": 39.440092, "lon": -85.907914}, {"type": "node", "id": 181695439, "lat": 39.442506, "lon": -85.907983}, {"type": "node", "id": 181695441, "lat": 39.445007, "lon": -85.908031}, {"type": "node", "id": 181695443, "lat": 39.446695, "lon": -85.908053}, {"type": "node", "id": 181695445, "lat": 39.446988, "lon": -85.908057}, {"type": "node", "id": 181695447, "lat": 39.449881, "lon": -85.908145}, {"type": "node", "id": 181695449, "lat": 39.4502, "lon": -85.908157}, {"type": "node", "id": 181695451, "lat": 39.455971, "lon": -85.908237}, {"type": "node", "id": 181695459, "lat": 39.463548, "lon": -85.908325}, {"type": "node", "id": 181695462, "lat": 39.464565, "lon": -85.908336}, {"type": "node", "id": 181695463, "lat": 39.466652, "lon": -85.908358}, {"type": "node", "id": 181695465, "lat": 39.471811, "lon": -85.908454}, {"type": "node", "id": 181695467, "lat": 39.473655, "lon": -85.908468}, {"type": "node", "id": 181703283, "lat": 39.4514429, "lon": -85.922728}, {"type": "node", "id": 181703285, "lat": 39.4514765, "lon": -85.922672}, {"type": "node", "id": 181703287, "lat": 39.451541, "lon": -85.92263}, {"type": "node", "id": 181703289, "lat": 39.451672, "lon": -85.922618}, {"type": "node", "id": 181703291, "lat": 39.45211, "lon": -85.922631}, {"type": "node", "id": 181703300, "lat": 39.465057, "lon": -85.922615}, {"type": "node", "id": 181703303, "lat": 39.466784, "lon": -85.922622}, {"type": "node", "id": 181703306, "lat": 39.468669, "lon": -85.922661}, {"type": "node", "id": 181703312, "lat": 39.47337, "lon": -85.9226916}, {"type": "node", "id": 181703318, "lat": 39.482556, "lon": -85.922764}, {"type": "node", "id": 181703320, "lat": 39.484258, "lon": -85.922788}, {"type": "node", "id": 181703323, "lat": 39.486135, "lon": -85.922831}, {"type": "node", "id": 181703324, "lat": 39.488371, "lon": -85.922835}, {"type": "node", "id": 181703327, "lat": 39.489444, "lon": -85.922853}, {"type": "node", "id": 181703330, "lat": 39.490739, "lon": -85.922847}, {"type": "node", "id": 181703335, "lat": 39.492755, "lon": -85.922865}, {"type": "node", "id": 181703338, "lat": 39.494838, "lon": -85.92289}, {"type": "node", "id": 181703340, "lat": 39.4954236, "lon": -85.9228843}, {"type": "node", "id": 181703342, "lat": 39.496546, "lon": -85.922888}, {"type": "node", "id": 181703343, "lat": 39.498562, "lon": -85.922915}, {"type": "node", "id": 181703344, "lat": 39.499693, "lon": -85.922898}, {"type": "node", "id": 181703346, "lat": 39.501206, "lon": -85.922903}, {"type": "node", "id": 181703349, "lat": 39.501993, "lon": -85.922915}, {"type": "node", "id": 181703352, "lat": 39.503061, "lon": -85.922899}, {"type": "node", "id": 181703355, "lat": 39.504061, "lon": -85.922917}, {"type": "node", "id": 181703358, "lat": 39.504855, "lon": -85.922895}, {"type": "node", "id": 181703361, "lat": 39.506384, "lon": -85.922896}, {"type": "node", "id": 181703364, "lat": 39.510106, "lon": -85.922843}, {"type": "node", "id": 181719187, "lat": 39.473752, "lon": -85.903761}, {"type": "node", "id": 181733646, "lat": 39.4733163, "lon": -85.9428103}, {"type": "node", "id": 181733652, "lat": 39.4732339, "lon": -85.9428117}, {"type": "node", "id": 181733655, "lat": 39.4731663, "lon": -85.9427773}, {"type": "node", "id": 181733657, "lat": 39.473116, "lon": -85.942702}, {"type": "node", "id": 181733659, "lat": 39.4730973, "lon": -85.942569}, {"type": "node", "id": 181733667, "lat": 39.473143, "lon": -85.936903}, {"type": "node", "id": 181733670, "lat": 39.473157, "lon": -85.935915}, {"type": "node", "id": 181733673, "lat": 39.473188, "lon": -85.934135}, {"type": "node", "id": 181733675, "lat": 39.473188, "lon": -85.932014}, {"type": "node", "id": 181733677, "lat": 39.47324, "lon": -85.929579}, {"type": "node", "id": 181733679, "lat": 39.473444, "lon": -85.919957}, {"type": "node", "id": 181733681, "lat": 39.473579, "lon": -85.91452}, {"type": "node", "id": 181733682, "lat": 39.473576, "lon": -85.913367}, {"type": "node", "id": 181733684, "lat": 39.473619, "lon": -85.909859}, {"type": "node", "id": 181733685, "lat": 39.473646, "lon": -85.908997}, {"type": "node", "id": 181733687, "lat": 39.47369, "lon": -85.906719}, {"type": "node", "id": 181733689, "lat": 39.473734, "lon": -85.904478}, {"type": "node", "id": 181733691, "lat": 39.473783, "lon": -85.902368}, {"type": "node", "id": 181733694, "lat": 39.473801, "lon": -85.901086}, {"type": "node", "id": 181733697, "lat": 39.473839, "lon": -85.899658}, {"type": "node", "id": 181733701, "lat": 39.473859, "lon": -85.89846}, {"type": "node", "id": 181733704, "lat": 39.47393, "lon": -85.895322}, {"type": "node", "id": 181733707, "lat": 39.473946, "lon": -85.894403}, {"type": "node", "id": 181733710, "lat": 39.473947, "lon": -85.894344}, {"type": "node", "id": 181733713, "lat": 39.474034, "lon": -85.887418}, {"type": "node", "id": 181733718, "lat": 39.474052, "lon": -85.885134}, {"type": "node", "id": 181733721, "lat": 39.474067, "lon": -85.885016}, {"type": "node", "id": 181733724, "lat": 39.474113, "lon": -85.884929}, {"type": "node", "id": 181733727, "lat": 39.474204, "lon": -85.884871}, {"type": "node", "id": 4384782422, "lat": 39.4731021, "lon": -85.9226884}, {"type": "node", "id": 4384782434, "lat": 39.4732755, "lon": -85.9226845}, {"type": "node", "id": 4384782442, "lat": 39.4733768, "lon": -85.9223065}, {"type": "node", "id": 4384782443, "lat": 39.4738775, "lon": -85.9227081}, {"type": "node", "id": 7559950183, "lat": 39.4566195, "lon": -85.9226092}, {"type": "node", "id": 7562901251, "lat": 39.4761796, "lon": -85.9227196}, {"type": "node", "id": 7564232620, "lat": 39.4799477, "lon": -85.9227438}, {"type": "node", "id": 7564494249, "lat": 39.4877249, "lon": -85.9228357}, {"type": "node", "id": 7678759328, "lat": 39.4657021, "lon": -85.9226176}, {"type": "node", "id": 7679012766, "lat": 39.4652192, "lon": -85.9083426}, {"type": "node", "id": 7679189381, "lat": 39.4816071, "lon": -85.9227549}, {"type": "node", "id": 8095507182, "lat": 39.4850702, "lon": -85.9228066}, {"type": "node", "id": 8095507194, "lat": 39.4848558, "lon": -85.9228017}, {"type": "node", "id": 8100948196, "lat": 39.4736525, "lon": -85.9086127}, {"type": "node", "id": 8101924675, "lat": 39.4958633, "lon": -85.9228857}, {"type": "node", "id": 8105650143, "lat": 39.5068341, "lon": -85.9228889}, {"type": "node", "id": 8389675679, "lat": 39.4528255, "lon": -85.9081984}, {"type": "node", "id": 8595327968, "lat": 39.4867264, "lon": -85.9228342}, {"type": "way", "id": 17544920, "nodes": [181695435, 181695437, 181695438, 181695439, 181695441, 181695443, 181695445, 181645206, 181695447, 181695449, 181664472, 8389675679, 181695451, 181688154, 181695459, 181695462, 7679012766, 181681938, 181695463, 181695465, 181695467], "tags": {"highway": "unclassified", "name": "South 675 W", "tiger:cfcc": "A41", "tiger:county": "Shelby, IN", "tiger:name_base": "675", "tiger:name_direction_prefix": "S", "tiger:name_direction_suffix": "W", "tiger:reviewed": "no", "tiger:zip_left": "46124", "tiger:zip_right": "46124"}}, {"type": "way", "id": 17545558, "nodes": [181703283, 181703285, 181703287, 181703289, 181703291, 181652017, 7559950183, 181688130, 181681922, 181703300, 7678759328, 181703303, 181703306, 4384782422, 4384782434, 181703312, 4384782443, 7562901251, 181648127, 7564232620, 7679189381, 181648160, 181703318, 181648197, 181703320, 8095507194, 8095507182, 181703323, 8595327968, 181648226, 7564494249, 181694527, 181703324, 181703327, 181703330, 181703335, 181703338, 181703340, 8101924675, 181703342, 181703343, 181703344, 181703346, 181703349, 181703352, 181703355, 181678027, 181703358, 181703361, 8105650143, 181678058, 181703364], "tags": {"highway": "unclassified", "name": "South 750 W", "tiger:cfcc": "A41", "tiger:county": "Shelby, IN", "tiger:name_base": "750", "tiger:name_direction_prefix": "S", "tiger:name_direction_suffix": "W", "tiger:reviewed": "no", "tiger:zip_left": "46176", "tiger:zip_left_1": "46176", "tiger:zip_right": "46176"}}, {"type": "way", "id": 17548097, "nodes": [181681639, 181733646, 181733652, 181733655, 181733657, 181733659, 181687845, 181733667, 181733670, 181733673, 181681595, 181733675, 181733677, 181631312, 181703312, 4384782442, 181733679, 181648093, 181648112, 181733681, 181733682, 181733684, 181733685, 8100948196, 181695467, 181733687, 181733689, 181719187, 181733691, 181733694, 181733697, 181733701, 181678450, 181733704, 181733707, 181733710, 181733713, 181733718, 181733721, 181733724, 181733727, 181649002], "tags": {"highway": "unclassified", "name": "West 350 South", "tiger:cfcc": "A41", "tiger:county": "Shelby, IN", "tiger:name_base": "350", "tiger:name_direction_prefix": "W", "tiger:name_direction_suffix": "S", "tiger:reviewed": "no", "tiger:zip_left": "46176", "tiger:zip_right": "46176"}}]}