[{"place_id": 297669495, "licence": "Data \u00a9 OpenStreetMap contributors, ODbL 1.0. https://osm.org/copyright", "osm_type": "relation", "osm_id": 107040, "boundingbox": ["49.422238", "49.4448474", "6.2981601", "6.3221958"], "lat": "49.4307696", "lon": "6.3111933", "display_name": "Berg-sur-Moselle, Thionville, Moselle, Grand Est, Metropolitan France, 57570, France", "class": "boundary", "type": "administrative", "importance": 0.6526887994470995, "icon": "https://nominatim.openstreetmap.org/ui/mapicons/poi_boundary_administrative.p.20.png"}]