[{"place_id": 298374501, "licence": "Data \u00a9 OpenStreetMap contributors, ODbL 1.0. https://osm.org/copyright", "osm_type": "relation", "osm_id": 1682378, "boundingbox": ["46.9190326", "46.9901527", "7.2943145", "7.4955563"], "lat": "46.9484742", "lon": "7.4521749", "display_name": "Bern, Bern-Mittelland administrative district, Bernese Mittelland administrative region, Bern, Switzerland", "class": "boundary", "type": "administrative", "importance": 0.6734106454916138, "icon": "https://nominatim.openstreetmap.org/ui/mapicons/poi_boundary_administrative.p.20.png"}]