[{"place_id": 298926594, "licence": "Data \u00a9 OpenStreetMap contributors, ODbL 1.0. https://osm.org/copyright", "osm_type": "relation", "osm_id": 7902476, "boundingbox": ["12.8340125", "13.1436649", "77.4601025", "77.7840515"], "lat": "12.9767936", "lon": "77.590082", "display_name": "Bengaluru, Bangalore North, Bangalore Urban, Karnataka, India", "class": "boundary", "type": "administrative", "importance": 0.7194348238975636, "icon": "https://nominatim.openstreetmap.org/ui/mapicons/poi_boundary_administrative.p.20.png"}]